@lat,@lon,name
35.9427925,126.6556885,
35.9397531,126.6860020,
36.2314273,126.8695141,
33.7339287,130.5136132,古賀SA(上り)
33.8845071,130.9697165,新門司IC
33.3949966,130.6112858,大刀洗PA(下り)
33.4019552,130.6466994,甘木IC
33.7426924,130.5238085,古賀SA(下り)
33.2582222,130.5378180,広川IC/SA(下り)
33.9665685,130.9504289,壇之浦PA(下り)
33.4773579,130.5193561,筑紫野IC
33.6334385,130.4909019,福岡IC
33.3724044,130.5406462,小郡鳥栖南スマートIC
33.7805234,130.7443765,八幡IC
33.3418547,130.9340113,日田IC
33.0749066,130.5434662,南関IC
33.9803777,130.9525051,下関IC
36.3941152,127.3442411,유성분기점
36.3659948,127.3311287,유성IC
36.3616954,127.3304459,유성IC
36.2979585,127.3143472,서대전분기점
36.2917830,127.3228931,서대전IC
36.2843819,127.3737087,안영IC
36.2938244,127.3179568,서대전분기점
36.2873285,127.4567422,산내분기점
36.5340854,127.4304474,남청주IC
36.4090279,127.4208913,회덕분기점
36.3669840,127.4479077,대전IC
36.3455855,127.4780370,비룡분기점
36.4114135,127.4203255,와동IC
36.5361335,127.4305002,남청주IC
36.5620890,127.4315433,청주분기점
36.5310309,127.5050668,문의청남대
36.4568233,127.7196912,보은IC
36.3687557,128.1357758,남상주IC
36.3660516,128.2325945,낙동분기점
36.2687108,127.8343489,영동IC
36.3167871,127.5581963,옥천IC
36.3461406,127.4887060,비룡분기점
36.3639013,127.4508224,대전IC
36.5283399,127.5114893,문의청남대
36.5641077,127.4344201,청주분기점
36.3175887,127.5564063,옥천IC
36.2792620,127.6648378,금강IC
36.2220795,127.9066741,황간IC
36.9820982,127.4711266,대소IC
36.8694651,127.4750153,진천IC
36.7132376,127.4414671,오창
36.4440744,127.4194715,신탄진IC
35.9795389,128.4303278,왜관IC
35.9599854,128.4541667,칠곡물류IC
35.9136548,128.4883778,칠곡분기점
35.8936422,128.5190020,금호분기점
35.9079659,128.5759715,북대구
35.9148449,128.6542638,도동분기점
35.8772710,128.7841331,경산 나들목
35.9221348,128.9471225,영천
37.0465260,126.9442724,평택휴게소
37.0349953,127.1346205,안성분기점
36.2784518,127.4391478,산내분기점
36.1071718,127.5154620,금산IC
36.2906642,127.3173770,서대전분기점
36.2558773,127.2802844,계룡
36.1592839,127.2181111,양촌
36.0858296,127.1044767,논산분기점
35.8830994,127.0572249,전주
36.1587505,127.2145430,양촌
36.2491849,127.2797776,계룡
36.5941928,127.4236992,남이분기점
36.6046000,127.4201262,남이분기점
37.0270002,127.1414052,안성분기점
37.2987100,127.0525300,동수원
37.2291024,127.4288845,호법분기점
37.2471939,127.2384669,용인 휴게소 (강릉 방향)
36.3661389,128.2394181,낙동분기점
36.4257948,128.2130055,상주IC
36.8713330,127.4748758,진천IC
36.7760123,127.5055110,증평IC
36.3214092,127.4742035,판암 나들목
35.8051633,129.1869639,경주IC
36.4553642,127.7820278,속리산IC
35.9183496,129.0061457,영천분기점
35.8770381,128.7871711,경산 나들목
35.9097996,128.6686356,도동분기점
35.9114660,128.6661597,도동분기점
35.8932745,128.5315560,금호분기점
35.9752026,128.4351915,왜관IC
35.7095335,129.1903445,활천IC
36.4732607,128.6219685,남안동 나들목
36.4780702,128.6184523,남안동 나들목
36.4352728,128.6212046,안동분기점
36.5866299,128.6312585,서안동 나들목
36.4266121,128.6178442,안동분기점
36.4312727,128.6214355,안동분기점
36.7174070,127.4445048,오창
33.3430717,126.3568558,광평교차로
33.3909231,126.3741046,어음1교차로
37.8919538,126.7484211,자유IC
37.8899550,126.7440940,임진각IC
37.8928463,126.7486002,임진각IC
37.8948527,126.7511606,자유IC
37.8644665,126.7615142,당동IC
37.8507019,126.7645885,내포
37.8405288,126.7334505,낙하IC
37.7875127,126.6793617,성동IC
35.2516257,126.9633814,담양분기점
36.2887244,128.5809959,의성 나들목
36.2941549,128.5811361,의성 나들목
35.8958781,128.5910266,성북교지하차도
35.8894315,128.5963770,도청교지하차도
35.8576054,128.6065554,대봉교지하차도
35.8505588,128.6066798,희망교지하차도
35.8438786,128.6063096,중동교지하차도
35.8383661,128.6056309,중동교지하차도
35.8526504,128.6072969,대봉교지하차도
35.8950609,128.5551843,팔달교지하차도
35.9096726,128.5837280,북대구
35.8636499,128.6098365,수성교지하차도
35.8596037,128.6071143,수성교지하차도
35.8619926,128.6100389,
36.2643442,127.4744300,남대전IC
35.9747788,127.6481000,무주IC
36.1017193,127.5215182,금산 나들목
36.1893631,127.4850170,추부IC
36.2620985,127.4756770,남대전IC
36.2750373,127.4591812,산내분기점
35.5407730,127.7656619,함양 분기점
37.5256176,126.9534800,한강대교 북단
37.5230620,126.9565016,한강공원입구
37.5476409,126.9079478,양화대교북단
37.5462638,126.9082783,양화대교 북단
37.5455772,126.9105101,양화대교북단
35.4829152,127.8222110,생초IC
35.4803609,127.8276750,생초IC
35.4302837,127.8592473,산청IC
35.2895867,127.9525853,단성IC
35.1810274,128.0418370,서진주IC
35.1384854,128.0971141,진주분기점
35.0063430,128.3512162,고성IC
34.9708747,128.3852055,동고성IC
34.8669038,128.4394626,통영IC
34.8699014,128.4455891,통영나들목
35.1460872,128.1010879,진주분기점
35.4292912,127.3921819,남원 나들목
36.5893160,128.6238467,서안동 나들목
36.0096084,126.7992361,군산 나들목
36.2917786,127.3323486,서대전IC
35.1506557,128.9828228,감전램프
35.3425880,128.1898355,칠곡교차로
35.8477653,127.1831339,동전주IC 교차로
35.1477594,126.9398891,지산교차로
33.7979515,130.7433174,馬場山出口
33.8574741,130.8049299,大谷JCT/出口
35.9805742,127.6431862,무주IC
37.6675057,126.6445041,누산교차로
37.6691506,126.6457354,누산교차로
37.6680106,126.6481650,누산교차로
37.6688798,126.6511467,누산교차로
35.1044604,128.4287655,임곡교차로
35.1042009,128.4249851,임곡교차로
35.4204026,126.6551118,고창JC
35.5875416,127.7701149,지곡 나들목
33.8566864,130.8788904,北方出口
33.8652908,130.8725260,紫川JCT
33.3860689,130.4831693,山浦PA(下り)
33.3301674,130.3162056,金立SA(下り)
33.3232007,130.2810123,佐賀大和IC
33.3111406,130.2122749,小城PA/スマートIC（下り）
33.2882390,130.1342408,多久IC
33.2554043,130.0796633,多久西PA(下り)
33.1149447,129.9757606,嬉野IC
33.0191890,129.9451125,大村湾PA(下り)
35.4241405,127.8602143,산청IC
36.3848099,127.3375862,유성분기점
36.3903078,127.3375874,유성분기점
36.4220461,127.2925858,남세종IC
36.4287941,127.2869027,남세종IC
33.3651832,130.5412231,小郡鳥栖南スマートIC
33.3906190,130.5381963,鳥栖JCT
33.3150056,130.5591301,久留米IC
33.2146036,130.5239753,八女IC
33.8466626,130.8800050,若園出口
36.4899533,127.1194382,공주
36.4868609,127.0697375,서공주분기점
36.4934878,127.0270680,마곡사IC
36.5631973,126.9781921,유구IC
36.5667154,126.9732386,유구IC
35.0466083,126.9727569,화순IC
35.0426000,126.9751337,화순IC
35.0418786,126.9709187,화순IC
35.8760120,127.0458590,대흥 교차로
35.7287299,127.6049292,장수분기점
35.2484426,126.9697023,담양분기점
35.4158648,126.6549265,고창분기점
35.2567352,126.9697645,담양분기점
35.4372507,126.6628437,고창IC
36.2225439,127.9111658,황간IC
36.5327121,128.1671284,북상주IC
35.9417584,127.1749784,용진교차로
35.7169956,127.5927535,장수 나들목
35.8851928,127.0420656,용정분기점
35.1372168,129.1195487,
36.6164700,126.8479952,예산 휴게소 (당진 방향)
36.5972435,126.8656895,신양IC
36.6769360,126.7754807,예산수덕사 나들목
36.8214675,126.6496848,면천IC
36.8462329,126.6221115,당진분기점
36.8238455,126.6470630,면천IC
36.8558500,126.6259900,당진분기점
35.5330090,127.7471416,함양 나들목
35.4848257,127.5905625,지리산 나들목
35.5421482,127.7130398,서함양IC(하이패스)
35.5326959,127.7517024,함양 나들목
35.3630684,127.1370985,순창IC
35.2238922,126.9635230,고서분기점
35.2263240,126.9596601,고서분기점
35.5374407,127.7748962,함양 분기점
35.7014375,128.2474708,고령 나들목
35.7016478,128.2499304,고령 나들목
35.5332156,127.7668757,함양 분기점
35.4079117,127.3154309,남원 분기점
35.4830393,127.5835780,지리산 나들목
35.7177132,128.1680629,
37.1830110,127.0956474,동탄분기점
37.0168034,127.1440954,안성 휴게소 (부산방면)
36.9976063,127.1528295,안성
36.9384432,127.1894730,입장거봉포도휴게소 (서울방향)
36.9905645,127.1557387,안성
37.2953860,127.1035620,신갈분기점
37.2906077,127.1077094,신갈분기점
36.1595150,128.2665470,김천 분기점
36.1562110,128.2731796,김천 분기점
36.1593984,128.2670117,김천 분기점
35.5547243,129.1244176,서울산IC
35.4965699,129.0943293,통도사IC
35.5537236,129.1240978,서울산IC
37.2383073,127.1055084,기흥 휴게소 (부산 방향)
35.3385733,129.0397451,양산분기점
35.2952159,129.0868760,노포분기점
35.2873612,129.0997207,노포
35.3757916,129.0509142,양산IC
35.4865789,129.0915200,통도사 하이패스
35.5655435,129.1323911,언양분기점
35.5709275,129.1310915,언양분기점
36.8278039,127.1696592,천안
36.4044552,127.4164460,회덕분기점
36.7571517,127.2188177,독립기념관IC
37.1398819,127.0855030,오산
37.1459520,127.0834195,오산
36.7669273,127.1934421,천안분기점
36.7760058,127.1769774,천안분기점
35.5024269,129.0966920,통도사IC
35.3812431,129.0524620,양산IC
37.2899789,127.1041909,신갈분기점
37.4635875,126.6729581,도화
35.4019341,126.6757699,남고창IC
35.3268656,126.8087363,장성분기점
35.3335136,126.7997901,장성분기점
35.2671806,126.8652208,
35.8253570,128.5166711,남대구
34.9803800,127.7528000,진월IC
34.9703690,127.6063680,광양IC
34.9645707,127.6476447,동광양IC
34.9798200,127.7416900,진월IC
35.0404669,127.9025405,진교 나들목
35.2345191,128.5590229,서마산 나들목
35.0843994,128.0411936,축동 나들목
35.0871100,128.0454800,축동 나들목
35.1945991,128.2285411,진성 나들목
35.1729651,128.1631202,문산IC
35.0432078,127.9078976,진교 나들목
35.0039296,127.8184616,하동
35.0554276,127.9635809,곤양 나들목
35.2766710,128.6902836,동창원
35.2886200,128.3934600,함안 나들목
35.2204488,128.8017648,냉정분기점
35.2260801,128.2720849,지수 나들목
35.2833200,128.3275600,군북 나들목
35.2193346,128.9683266,대저 분기점
35.2148423,129.0080120,
35.0003590,127.8110904,하동
35.2748312,128.6489768,창원 분기점
35.2550450,128.5994965,동마산 나들목
34.9861768,127.7091811,옥곡IC
35.2396952,128.5689373,서마산 나들목
35.2202953,128.8502522,서김해
35.2504685,128.5921829,동마산 나들목
35.2212180,128.8424775,서김해
35.2791723,128.7021588,동창원
35.1524353,128.9718018,사상
35.1550775,128.9584955,서부산
35.1727034,128.8716161,가락
35.1567973,128.9464924,서부산
35.1557286,128.9542735,서부산
35.8332971,128.6961435,수성
35.6543425,128.7467006,청도
35.5035059,128.7926786,밀양
35.4024586,128.8151505,삼랑진 나들목
35.2875640,128.9839592,대동분기점
35.2844344,128.9836391,대동분기점
35.4476659,128.7749077,남밀양
35.8383896,128.6905083,수성
37.6202440,129.0365642,옥계
37.5819853,129.0934952,망상IC
37.6135554,129.0620708,옥계 휴게소 (속초 방향)
37.6192426,129.0374843,옥계
37.6917353,128.8952986,남강릉
37.6964066,128.8873866,남강릉
37.7193876,128.8564694,구정 휴게소 (속초 방향)
37.7464349,128.8395253,강릉
37.7249765,128.8498657,구정 휴게소 (삼척 방향)
37.9127500,128.7910900,남양양IC
37.5142151,129.0957200,동해IC
37.7632342,128.8374135,강릉분기점
37.7796718,128.8339285,강릉분기점
37.7538262,128.8390523,강릉
37.5834593,129.0930255,망상IC
35.2713669,128.4720363,산인 분기점
35.2834359,128.5113025,칠원 분기점
35.2835380,128.5152200,칠원 분기점
35.2901926,128.5032729,칠원 분기점
35.0675707,126.6007251,문평IC
35.3255300,129.2351500,장안
35.4111400,129.2579600,온양
35.3303718,129.2387882,장안
35.2801626,129.2251781,기장
35.5205417,129.2483617,문수
35.4151600,129.2624800,온양
37.7573614,127.7829114,춘천분기점
37.7586015,127.7771596,조양
37.7369391,127.6303593,강촌IC
37.7329463,127.6204662,강촌IC
37.7507918,127.7207993,남춘천
37.7536432,127.7282528,남춘천
37.6717017,127.4977351,설악IC
37.5442625,127.1817588,상일
37.5544918,127.1767505,상일
37.5131348,127.1545877,서하남
37.5317595,127.2012704,하남분기점
37.5685892,127.1694178,강일
37.5325117,127.1926941,하남분기점
37.5743224,127.1639871,강일
37.7123700,126.9737200,송추
37.6547773,126.8163464,고양
37.6683526,126.8487911,고양분기점
37.6747200,126.8767500,통일로
37.6948035,127.0521634,의정부
37.6639131,127.1138583,별내
37.7090500,127.0395700,호원
37.6971530,127.0481923,의정부
37.5999287,127.1549446,남양주
37.7155700,126.9776300,송추
36.0987963,126.6895433,서천IC
36.0988516,126.6868052,서천IC
36.0125039,126.7978435,군산 나들목
36.0595686,126.7674849,동서천분기점
36.1330604,126.6250356,서천 휴게소 (목포 방향)
36.1706083,126.6001890,춘장대IC
37.4282978,126.8957794,일직분기점
37.4182694,126.8933944,일직분기점
36.9429080,126.8062735,행담IC
36.9983360,126.8691597,서평택IC
37.1207800,126.8834600,발안IC
37.0590438,126.8894938,서평택분기점
37.2806328,126.8984899,매송IC
35.3007569,126.5587114,영광나들목
35.5064417,126.6832287,선운산IC
35.5945477,126.6968421,줄포IC
35.0057209,126.4925231,무안IC
34.8425760,126.4614591,죽림JC
37.3936981,126.8706628,목감
37.3084277,126.8952843,팔곡분기점
36.5572400,126.5799300,홍성 휴게소 (목포 방향)
36.7305928,126.5637186,서산휴게소
36.8070493,126.5716725,서산IC
36.7460566,126.5674705,서산휴게소
36.2420246,126.5603173,무창포IC
36.2352640,126.5627801,무창포IC
36.1657918,126.6027998,춘장대IC
36.4951106,126.5847250,광천IC
36.3352639,126.5723531,대천IC
36.5944536,126.5593568,홍성IC
36.8081452,126.5720811,서산IC
36.7140301,126.5625863,해미IC
36.8482965,126.6143291,당진분기점
36.8941242,126.7087668,당진IC
35.7297063,126.7718537,부안 나들목
35.8325502,126.8392700,서김제 나들목
35.8376476,126.8400912,서김제 나들목
35.7236351,126.7667408,부안 나들목
35.0960176,126.4816450,함평 나들목
35.0071616,126.4921100,무안IC
34.8562798,126.4794498,일로IC
35.9451979,126.8341853,동군산IC
35.9482093,126.8343936,동군산IC
37.2399800,127.3943839,덕평자연휴게소
37.2273426,127.5921624,여주분기점
37.2325380,127.5864634,여주분기점
37.2343353,127.5831329,여주분기점
37.2323087,127.5944900,여주분기점
37.2330162,127.5987151,여주분기점
37.2249352,127.5928139,여주분기점
37.2349935,127.4385387,호법분기점
37.3169457,126.9948445,북수원IC
37.2897257,127.0999108,신갈분기점
37.2467955,127.2419102,용인 휴게소 (인천 방향)
37.2388856,127.2905546,양지IC
37.6789560,128.6977194,대관령IC
37.7614446,128.8097727,강릉대관령휴게소(인천방향)
37.6331500,128.4927800,속사IC
37.5613317,128.3658687,면온IC
37.6290700,128.4862500,속사IC
37.3452498,126.8567100,안산분기점
37.4471892,128.0630335,새말IC
37.6783686,128.6892824,대관령IC
37.7719646,128.8246040,강릉분기점
37.5878461,128.4120199,평창IC
37.5615749,128.3633562,면온
37.6489200,128.5558700,진부IC
37.4011474,127.9480771,원주IC
37.2396210,127.4192063,호법분기점
37.4461900,128.0708600,새말IC
37.4654316,127.0902385,헌릉
37.4219132,127.0895650,고등
37.3311029,127.0588768,서수지
37.2785573,127.0795773,흥덕
35.5686162,129.2297613,범서하이패스
35.5642047,129.1290385,언양분기점
35.5722584,129.2247798,범서하이패스
36.0316588,128.9141490,북영천IC
36.0548158,129.0039178,임고IC(하이패스)
36.0712437,129.2187190,서포항IC
36.0464692,129.3020443,학전IC
35.9504215,127.0971095,익산분기점
35.8646489,127.2355638,소양
35.8646809,127.2338745,소양
35.8890039,127.1644742,완주분기점
36.0711608,129.2191695,서포항IC
36.0321735,128.9155859,북영천IC
36.0233791,128.8938647,화산분기점
35.9731279,128.8327556,청통와촌IC
35.9687200,128.8271700,청통와촌IC
35.8823205,127.1818634,완주분기점
37.4885694,126.4839011,공항신도시분기점
37.4869191,126.4854186,공항신도시분기점
37.4909495,126.4928059,공항신도시분기점
37.4880402,126.4901551,공항신도시분기점
37.4792974,126.4858300,공항신도시분기점
37.5147937,126.5322904,금산
37.4246528,126.8891158,일직분기점
37.4383119,126.8559882,광명 나들목
37.4401506,126.8467494,광명 나들목
37.2626806,127.4089246,마장분기점
37.2800756,127.3879830,서이천IC
37.2736722,127.3952933,서이천IC
37.2571615,127.4122025,마장분기점
37.3491068,127.3222843,곤지암IC
37.4461248,127.2755812,광주IC
37.3517654,127.3211302,곤지암IC
37.4851690,127.2406137,산곡분기점
35.5962819,127.7728447,북함양분기점
35.5886959,127.7707176,지곡 나들목
35.6639804,127.6754918,서상 나들목
35.7342630,127.6032594,장수분기점
35.7244626,127.6108663,장수분기점
35.5291791,127.7737463,함양 분기점
35.8403146,127.6466569,덕유산IC
35.6684172,127.6711792,서상 나들목
35.7681409,128.4744318,달성 나들목
35.6794558,128.4344385,현풍IC
35.6787292,128.4322377,현풍IC
35.7607959,128.3711558,고령 분기점
35.7581421,128.3725232,고령 분기점
36.1544988,128.2670718,김천 분기점
35.5394262,128.4770930,창녕IC
35.6682209,128.4356364,현풍 분기점
36.3614367,128.2378930,낙동분기점
36.6980067,128.1111653,문경새재IC
36.4190508,128.2146968,상주IC
36.1613136,128.2595496,김천 분기점
35.3315335,128.5032766,칠서IC
35.3255879,128.5054705,칠서 나들목
37.1256300,127.6663700,감곡IC
37.0346432,127.8018700,북충주 나들목
35.7951001,128.4642280,옥포 분기점
37.0456736,127.7341146,충주분기점
37.1246700,127.6698000,감곡IC
35.2564336,128.5172559,내서 분기점
35.4017539,128.4821416,남지IC
35.3964398,128.4841500,남지IC
37.8105433,127.7678384,춘천 휴게소
35.9324505,128.5340608,칠곡
35.8768511,128.5311163,서대구
35.8975486,128.5244345,금호분기점
37.6761235,127.8618758,홍천 나들목
37.8147275,127.7679687,춘천 휴게소
37.8413049,127.7694475,춘천
37.3812124,127.8942163,신평분기점
37.4190338,127.9190821,북원주 나들목
37.4223342,127.9261384,북원주 나들목
37.3695710,127.8987105,만종분기점
36.8508014,128.5329783,풍기 나들목
36.1989225,128.5589789,군위 나들목
36.0416466,128.5178703,다부 나들목
35.9389524,128.5369388,칠곡
37.0743937,128.1836711,남제천 나들목
37.0767219,128.1813264,제천분기점
37.1304188,128.1449799,제천 나들목
37.1368468,128.1394999,제천 나들목
35.2562378,128.9835083,대동
35.2234148,128.9755971,대저 분기점
35.2169924,128.9740501,대저 분기점
37.5063418,127.9716697,횡성 나들목
37.0837345,128.1698288,제천분기점
37.7437665,127.7931590,춘천분기점
35.2752344,128.9844210,대감분기점
36.0925296,128.5337292,가산
36.1955920,128.5577314,군위 나들목
36.0996195,128.5339420,가산
36.0502256,128.5194865,다부 나들목
35.3252937,129.0499462,양산분기점
35.3282063,129.0296373,남양산
35.3308369,129.0348665,양산분기점
35.2836578,128.9898552,대동분기점
36.2213906,127.0521309,서논산
36.1517334,127.0579104,연무
36.0758994,127.1019351,논산분기점
36.4228500,127.0825500,남공주
36.2986998,127.0672381,탄천
36.2951800,127.0662000,탄천
36.2289964,127.0546297,서논산
36.4828701,127.0904874,공주분기점
36.5039900,127.1047200,북공주분기점
36.4889569,127.0934889,공주분기점
36.4296076,127.0794922,남공주
36.7495457,127.1641140,남천안
36.7574973,127.1657665,남천안
36.7210548,127.1365324,남풍세
36.7645372,127.1772396,천안분기점
37.0487098,126.9144691,청북IC
37.0336458,127.1602142,서안성IC
37.0327448,127.1616580,서안성IC
37.0346415,127.1082147,송탄IC
37.0341089,127.1109298,송탄IC
36.0834189,127.0998486,논산분기점
34.9918160,127.5475570,순천분기점
34.9872384,127.5159401,순천IC
35.5125831,126.8031662,내장산IC
35.7771577,127.0040476,김제
35.7382554,126.9903423,금산사
35.8259303,127.0329758,서전주
35.8268314,127.0334457,서전주
35.1246570,127.2460668,석곡IC
35.0694872,127.2689684,주암IC
35.2587544,127.1156262,옥과IC
35.2312549,126.9999468,창평IC
35.1301829,127.2478221,석곡IC
35.9226807,127.0770815,삼례
35.3341616,126.8087326,장성분기점
35.3255363,126.7999535,장성분기점
35.2279174,127.2198063,곡성IC
35.2233446,126.9558744,고서분기점
35.2157681,126.8283110,광산IC
35.1999919,126.8433256,산월
35.1831448,126.9266889,동광주
35.1839899,126.9057989,용봉
35.2393372,126.8202231,북광산IC
35.0032632,127.4782602,서순천IC
35.8027021,127.0248038,서완주분기점
35.5781369,126.8320536,정읍IC
35.9930061,127.1135559,익산
35.2595801,127.1100252,옥과IC
35.8762519,127.0544596,전주
35.5065175,126.8009773,내장산IC
35.2249588,127.2256339,곡성IC
35.1929617,126.8532850,동림
35.9331951,127.0619640,온수교차로
37.4674393,126.8845418,금천교교차로
35.2318670,128.8339182,주촌교차로
34.8856865,127.8825744,
35.8615818,129.0941299,북건천
36.8184851,127.6135254,도안교차로
37.2626709,128.7372699,문곡교차로
37.1793646,128.3004878,산막
37.1857637,128.4410877,영월
37.1454403,126.8920158,지월교차로
35.9098171,129.0235969,만불교차로
37.6495073,127.1953581,사릉IC
37.6078204,126.7442698,태리교차로
37.6098276,127.1821020,도농IC
37.5087040,129.1032651,동해IC입구
33.3280023,126.3535519,광평교차로
33.4051237,126.3843313,소길교차로
37.5350199,126.9435399,마포대교 북단
37.5190235,126.9691494,한강대교 북단
37.5184089,126.9704680,한강대교 북단
37.5547105,127.0682379,군자교
37.5664470,127.0746857,군자교
37.5977676,127.0689136,중랑교
37.6220578,127.0698628,월릉교
37.6599757,127.0528038,상계교
37.6090679,127.0725453,월릉교
35.1474230,129.0945147,대연램프
35.1798477,129.1138654,망미램프
37.6150796,127.1051983,신내IC
37.6176831,127.0923844,묵동IC
37.5066970,126.9909208,동작대교분기점
35.1148485,126.9154581,용산교차로
35.1118478,126.8895683,효덕교차로
35.2708532,129.1081400,영락 IC
37.5051108,126.4896282,운북
37.5071564,126.4977138,운북
37.5628912,127.0493350,사근
37.5334291,127.0229525,동호대교 분기점
35.8739361,128.6123961,
35.9018180,128.5933064,
37.6062024,127.0074263,정릉
33.3307807,126.3549716,광평교차로
37.4499176,127.0071275,광창
35.7729895,127.0000626,김제
35.8988420,127.1507818,완주
36.1958876,127.4865360,추부IC
36.3170865,127.4724231,판암 나들목
36.2837602,127.3813836,안영IC
37.5278458,127.1950375,하남분기점
36.4836959,127.6120841,회인IC
36.6690704,128.5428573,
36.6680338,128.5420457,예천 나들목
36.6680384,128.5435525,
36.4556252,127.7906859,속리산IC
36.4425069,127.9629095,화서IC
36.4427879,127.9654942,화서IC
36.3676652,128.1431364,남상주IC
36.5859143,128.1545685,점촌함창IC
35.8415868,127.6464657,덕유산IC
35.5897135,127.7672606,북함양 분기점
35.5353960,127.7711876,함양 분기점
35.5347246,127.7701837,함양 분기점
36.4885374,127.6065990,회인IC
36.6543830,127.4218560,서청주
36.5702397,127.4288043,청주분기점
36.6513940,127.4210000,서청주
36.1202688,127.1302237,논산
36.1232088,127.1363351,논산
37.8424151,127.7664627,춘천
37.6417861,127.1319138,퇴계원
37.3251223,126.9203810,군포
37.3497130,126.8602304,안산분기점
37.3432025,126.8654270,안산분기점
33.3857773,126.3726100,어음1교차로
36.4012859,127.4184004,회덕분기점
37.0372419,127.1482238,안성분기점
37.0487996,126.9220843,청북IC
36.7698804,127.5000468,증평IC
36.9840676,127.4717188,대소IC
37.2312354,127.4284449,호법분기점
37.2408554,127.4251626,호법분기점
37.0897664,127.4519594,일죽IC
37.0928049,127.4491278,일죽IC
36.2702812,127.8318067,영동IC
36.1339340,128.0918159,김천IC
36.1338681,128.0944998,김천IC
36.0698388,128.3691314,남구미IC
36.1087948,128.3607286,구미IC
36.1067118,128.3615476,구미IC
35.8868757,128.5256299,서대구
35.8933629,128.5206285,금호분기점
35.9111842,128.6563542,도동분기점
35.9121277,128.6611624,도동분기점
35.8823829,128.6999067,동대구 분기점
35.9225456,128.9537984,영천
35.8409678,129.0875772,건천IC
35.8453944,129.0840568,건천IC
36.3414308,127.4821931,비룡분기점
37.0723021,127.1332433,안성휴게소 (서울방향)
37.2170605,127.0975883,기흥(동탄)
37.2185447,127.0981795,기흥(동탄)
37.2668015,127.1036946,수원신갈
37.2831502,127.1038497,신갈분기점
37.3303789,127.1036042,죽전휴게소
35.7517220,128.3562514,동고령 나들목
35.7547345,128.3618758,동고령 나들목
36.0700101,128.3726288,남구미IC
36.7648179,126.7032319,고덕 나들목
36.5900545,126.5611470,홍성IC
36.7126934,126.5625934,해미IC
36.4978968,126.5850391,광천IC
36.3334279,126.5750598,대천IC
35.4140863,126.6504184,고창분기점
35.2998222,126.5582987,영광나들목
35.0225384,126.4886191,함평JC
34.8416797,126.4194833,목포IC
34.8401292,126.4296404,목포IC
36.8930447,126.7074317,당진IC
36.9429576,126.8116354,행담IC
37.0000820,126.8688623,서평택IC
37.2417442,126.8820531,비봉
37.2434160,126.8821481,비봉
37.2777355,126.8974570,매송IC
37.3672931,126.8700095,조남분기점
37.4037238,126.8785920,광명역
37.4231821,126.8916087,일직분기점
37.4215967,126.8950878,일직분기점
37.4237024,126.8974380,일직 분기점
37.4338137,126.8983396,소하분기점
35.9389060,127.0836288,익산분기점
35.7345571,126.9869487,금산사
35.5808011,126.8330162,정읍IC
35.6601519,126.9244382,태인IC
35.6623172,126.9294581,태인IC
35.2862735,126.7863166,장성IC
35.2827770,126.7892016,장성IC
36.4859853,127.0858176,공주분기점
36.4860160,127.0921231,공주분기점
37.5240153,126.7561319,서운분기점
37.5277786,126.7556903,서운분기점
37.5243463,126.7517389,서운분기점
37.5259277,126.7570008,서운분기점
37.5342432,126.7514703,서운분기점
37.5156244,127.0157288,한남대교분기점
37.5311769,127.0420722,성수대교 분기점
37.5263936,127.0549938,영동대교분기점
37.5244925,127.0580450,영동대교 분기점
37.5086302,127.0680042,청담대교 분기점
37.5208916,127.0621237,청담대교 분기점
37.5181747,127.0682837,청담IC
37.5169768,127.0876800,잠실대교 남단
37.5329677,127.0607844,청담대교 북단
37.5469087,126.7476868,계양
37.5434980,126.7486142,계양
37.5479015,126.7476609,계양
37.5340212,127.0270157,동호대교 분기점
37.5238892,126.7825245,부천
37.5241601,126.7729156,부천
37.5707038,126.7496465,노오지분기점
37.5702923,126.7528472,노오지분기점
37.5722205,126.7535810,노오지분기점
37.5659159,126.7525775,노오지분기점
35.1966100,126.9291033,문흥
35.1931326,126.9323204,문흥분기점
35.8795984,127.1744379,완주분기점
37.5335661,127.0588579,영동대교 북단
37.5345233,127.0550889,영동대교 북단
37.5836772,126.7907544,김포공항
34.9962579,127.5315281,순천분기점
37.5838494,126.8149635,88분기점
37.5920582,126.8312946,북로 분기점
37.5817884,126.8260392,방화대교분기점
37.5827586,126.8234032,방화대교분기점
37.5994720,126.7792540,김포
37.5954369,126.7718487,김포
37.5324016,127.0638150,영동대교 북단
37.5322057,127.0628619,청담대교 북단
37.6072335,126.8128267,행주IC
37.6049684,126.8210003,행주IC
37.5967793,126.8323745,북로분기점
37.5921935,126.8361138,북로분기점
34.7516520,126.5311254,서영암IC
34.7066825,126.9031675,장흥IC
34.7098518,126.9103592,장흥IC
34.6966249,126.7192538,강진 무위사
37.6323814,127.3066165,화도
37.6311597,127.3148385,화도분기점
37.6331338,127.3262664,화도분기점
37.6312091,127.3151891,화도
37.5955280,127.2126240,덕소삼패
37.6341494,127.3753296,서종나들목
37.6340278,127.3678732,서종나들목
37.6664915,127.4941436,설악IC
37.7543001,127.7878140,춘천분기점
37.7490423,127.7911959,춘천분기점
37.7586478,127.9616973,동홍천IC
37.3023830,127.5824510,서여주 나들목
37.3701961,127.5268071,북여주IC
37.3074665,127.5819259,서여주 나들목
37.2562607,127.5876610,남여주 나들목
36.4825266,127.0632948,서공주분기점
36.4576451,127.0605471,서공주IC
36.4557825,127.0591117,서공주IC
36.3747939,126.9519286,칠갑산IC
36.3753645,126.9528134,칠갑산IC
36.2609480,126.8009779,부여백제 휴게소 (서천방향)
36.2376524,126.7890285,서부여IC
36.2792905,126.8270335,부여 분기점
36.2431427,126.7912912,서부여IC
36.0549890,126.7740358,동서천분기점
36.0629390,126.7721839,동서천분기점
37.4848939,126.7481021,송내
37.4917410,126.7461058,송내
37.4982801,126.7467577,중동
37.5129291,126.7493319,중동
37.6177635,126.7989607,자유로
37.6218380,126.8023047,자유로
37.6148329,126.7963178,자유로
37.6387503,126.8047234,일산
37.6562164,126.7245940,이산포분기점
37.6401215,126.7574955,장항IC
37.6466249,126.7434787,킨텍스IC
37.6382921,126.7615371,장항IC
37.5237111,126.7187743,부평
37.5239160,126.7260627,부평
37.5400220,126.5661026,한상IC
37.5519548,126.6059451,북인천
37.4357975,126.8148151,안현분기점
37.4377654,126.8143377,안현분기점
37.4539633,126.8006087,시흥
37.4378150,126.8164101,안현분기점
37.4392082,126.8206251,안현분기점
37.4390052,126.8190314,안현분기점
37.4371308,126.8157860,안현분기점
37.4340431,126.8197724,안현분기점
37.4353162,126.8190959,안현분기점
37.4350636,126.8126604,안현분기점
37.4402581,126.8135711,안현분기점
37.4571372,126.7919766,시흥
37.4310119,126.7777363,신천IC
37.4297858,126.7865167,신천IC
37.4329602,126.7354999,서창분기점
37.4328672,126.7424467,서창분기점
37.4264048,126.7376888,서창분기점
37.4329993,126.7381877,서창분기점
37.4336291,126.7093944,남동
37.4339318,126.7180960,남동
37.4716047,126.7547269,장수
37.4239253,126.9066837,석수
37.4235866,126.9012880,석수
37.4353617,126.6796124,문학
37.5394197,127.0388847,성수대교분기점
37.4369066,126.6545446,학익분기점
37.3838672,126.7604917,월곶분기점
37.3933412,126.7451747,월곶분기점
37.4091727,126.6262246,연수분기점
37.4730148,126.5098673,영종
37.4826485,126.4937355,공항신도시분기점
37.3685391,126.8691794,조남분기점
37.3689097,126.8687386,조남분기점
37.3710206,126.8624848,조남분기점
37.3693951,126.8654002,조남분기점
37.3652689,126.8679051,조남분기점
37.3686412,126.8737537,조남분기점
37.3997823,126.8726074,목감
37.4054585,126.8820026,광명역
37.4090341,126.6262617,연수분기점
37.4221349,126.6355956,옥련
37.3733300,126.8691191,조남분기점
37.3020091,127.0462472,동수원
37.3186197,126.9906606,북수원IC
37.3285793,126.9420542,동군포IC
37.3230757,126.9104760,둔대분기점
37.4512877,126.4889438,신불
37.4819106,126.4871347,공항신도시분기점
37.4772025,126.5026773,영종
35.0032217,127.4825792,서순천IC
35.0674784,127.2704878,주암IC
34.9680029,127.6601027,동광양IC
35.0153170,127.3707972,승주IC
35.0569424,127.9668289,곤양 나들목
37.6520496,128.5621779,진부IC
35.6722300,128.4356650,현풍IC
37.6902457,126.6812404,장월IC
37.8385576,126.7309881,낙하IC
37.7111217,127.8305714,홍천강 휴게소 (춘천 방향)
37.6576455,127.3663408,금남IC
37.6118350,126.7409097,태리교차로
37.6427782,126.6864162,장기IC
37.6429505,126.6900068,장기IC
37.6785203,127.8550797,홍천 나들목
37.8336328,128.8143957,북강릉
37.8354535,128.8146273,북강릉
37.5876227,126.8437547,육갑문
37.5902502,126.8387880,육갑문
35.2648842,128.5179932,내서 분기점
37.5716636,127.1617988,강일IC
37.5731400,127.1649819,강일
37.5733104,127.1661566,강일IC
37.5722065,127.1680584,강일
37.5820012,127.1582436,토평
37.5846825,127.1565626,토평
37.5009637,127.9649817,횡성 나들목
37.1333702,128.1423803,제천 나들목
37.2239772,128.0891897,신림 나들목
37.2250916,128.0880149,신림 나들목
35.2618051,128.5113656,내서분기점
35.2590356,128.5152143,내서 분기점
35.2591059,128.5156934,내서 분기점
35.5020604,128.7911866,밀양
35.1838406,128.0405850,서진주IC
35.1311147,128.0970411,진주분기점
35.1391824,128.0941428,진주분기점
35.1368668,128.1027753,진주분기점
35.0819192,128.1919731,연화산
35.0811618,128.1931740,연화산
35.2888799,127.9541340,단성IC
35.2923163,128.3550656,장지 나들목
35.2818797,128.3254463,군북 나들목
35.2864441,128.6058624,북창원
35.2858458,128.6083830,북창원
35.1714269,128.1568242,문산IC
35.0087786,128.3481295,고성IC
34.9731251,128.3829305,동고성IC
34.8672090,128.4433460,통영나들목
34.8916828,128.4124340,북통영IC
37.5904923,128.4137516,평창IC
35.4767098,129.2828095,청량
35.4784668,129.2820358,청량
35.8655355,128.6862884,동대구 IC
35.4537043,128.7731292,남밀양
35.8681186,128.6859185,동대구 IC
35.2600545,128.7557721,진례
35.2590111,128.7564726,진례
35.2789602,128.7052830,진영분기점
35.2215103,128.7918206,냉정분기점
35.2181390,128.7958572,냉정분기점
35.2186550,128.9828009,대저 분기점
35.2252128,128.9008067,동김해
37.5310555,127.2964769,조안 IC
37.4495303,127.2645620,광주IC
37.3615770,127.8986870,만종분기점
37.3663769,127.9060439,만종분기점
37.3608548,127.9052726,만종분기점
37.4010300,127.9493123,원주IC
37.3257441,127.9282735,남원주 나들목
37.3239184,127.9303963,남원주 나들목
37.2521180,127.6496915,여주IC
37.2534048,127.6565657,여주IC
37.2416784,127.3648227,덕평IC
37.2558478,127.2121304,용인IC
37.2403490,127.3812846,덕평자연휴게소
37.2451094,127.4972413,이천IC
37.2451627,127.4988575,이천IC
37.2586108,127.2050451,용인IC
36.9795080,127.8464069,충주
37.4939150,128.2084317,둔내IC
37.4927250,128.2059883,둔내IC
37.3091234,127.8236035,문막IC
37.3136975,127.8286912,문막IC
37.3102223,127.8246363,
37.0352676,127.7946700,북충주 나들목
36.8610526,127.9242057,괴산교차로
36.8594504,127.9247391,괴산교차로
37.0128055,128.2899702,북단양 나들목
35.8833588,128.6909942,동대구 분기점
35.8838712,128.6008910,경대교지하차도
35.9660005,129.3516411,우복
35.8630041,129.0963887,북건천
35.8653937,129.0954333,북건천
35.8614313,129.0985864,북건천
35.8980092,128.5913653,침산교지하차도
35.8929776,128.5484455,팔달교지하차도
35.8754445,128.5321320,서대구
33.6403633,130.4224126,名島出口
35.9670655,127.0522420,팔봉교차로
35.9852017,127.0572300,금마교차로
35.9713017,127.0527201,팔봉교차로
33.5580779,130.4566843,板付出口
35.1165778,126.9212728,용산교차로
35.1162320,126.9332886,지원교차로
35.1158244,126.9311290,지원교차로
35.1000563,126.6922766,나주IC
35.1184678,126.7322798,서광산IC
35.1161457,126.7294335,서광산IC
35.1603882,126.7875671,운수IC
35.1032950,126.6987916,나주IC
35.0509670,126.5459327,동함평IC
35.0670358,126.5942802,문평IC
35.0519250,126.5469553,동함평IC
35.1110109,126.8999675,
35.3500529,126.7657453,장성물류IC
35.3503129,126.7589187,장성물류IC
35.2614507,126.8937222,북광주IC
35.2621588,126.8914090,북광주IC
35.0161348,126.4400679,북무안IC
35.0032766,126.3930388,무안공항IC
33.5850762,130.5023071,須恵PA(上り)/スマートIC
33.8567814,130.8426903,山路出口
36.2425042,128.2601058,선산IC
37.3506133,126.8081003,서안산IC
37.3524952,126.7976076,서안산IC
37.3768726,126.7668537,군자분기점
37.2652082,126.9485494,호매실
37.2596445,126.9487090,호매실
37.3477153,126.8374298,안산IC
37.3486030,126.8408340,안산IC
37.3780729,126.9549776,평촌
37.3765190,126.9336214,산본
37.3759068,126.9321945,산본
37.2929531,126.9477403,서수원IC
37.2981634,126.9560121,서수원
37.2927568,126.9567932,서수원IC
37.2887876,126.9507810,서수원
37.3065600,126.9653848,월암
37.3032811,126.9628693,월암
37.3891650,127.0053281,학의분기점
37.3855465,126.9982727,학의분기점
37.3895152,127.0078761,학의분기점
37.3917783,127.0030346,학의분기점
37.3714599,126.9977396,청계
37.3856204,126.9951221,학의분기점
37.3433471,126.9802245,의왕
37.3373787,126.9741533,의왕
37.3428310,126.9797003,의왕
37.3355584,126.9716627,신부곡
37.3290918,126.9661888,신부곡
35.3179399,128.9460991,상동
35.3198254,128.9416864,상동
37.4854809,127.0251976,서초
37.4830327,127.0259947,서초
37.4837981,127.0259984,서초
37.4232298,126.9973028,과천
37.4133346,126.9922653,과천
37.5428081,127.0290195,성수대교 분기점
37.5433979,127.0275170,성수대교분기점
37.4910624,127.1039680,수서IC
37.5337289,127.0311682,성수대교 분기점
37.5520904,127.0450194,내부순환로분기점
37.5166405,127.0773949,종합운동장 분기점
37.5228078,127.1007042,잠실대교 남단
37.5273727,127.0816366,잠실대교 북단
37.5301055,127.0910356,잠실대교 북단
37.4617155,127.0417963,양재
37.4074177,127.1000413,판교분기점
37.4035496,127.0885946,판교분기점
37.4049779,127.0968603,판교분기점
37.4627781,127.0404607,양재IC
37.4656810,127.0377146,양재IC
37.4325494,127.1234080,성남
37.4305016,127.1234019,성남
37.4734934,127.1270895,송파
37.4777750,127.1329180,송파
35.6527368,128.7477367,청도
35.3092185,129.0122422,물금
35.3062047,129.0117953,물금
33.4055458,130.5133595,柚比
33.4355503,130.5247604,城戸
33.4504575,130.5347732,原田
35.1655809,128.8948747,가락
33.4749261,130.5264714,立明寺
33.4806560,130.5191261,三本松
37.1848056,126.9708414,정남나들목
37.1779363,127.0915986,동탄분기점
35.7724088,127.4430084,진안
35.7727146,127.4411537,진안
35.8049968,127.2551013,동완주분기점
33.0319990,130.4317903,大牟田IC
33.1195875,130.4286502,大和南IC
33.0776856,130.4283813,黒崎IC
33.0535132,130.4301191,大牟田北IC
33.4383244,130.5327916,基山PA(上り)
33.6267480,130.4880758,福岡IC
33.5691653,130.4579418,月隈JCT
33.5572443,130.4721143,大野城出口
33.5607148,130.4692394,金の隈出口
33.6514186,130.4285671,香椎浜出口
33.6163418,130.4114868,東浜出口
33.6105864,130.4091089,千鳥橋JCT
33.6053059,130.4090593,千鳥橋JCT
33.6024642,130.4099383,呉服町出口
33.5954723,130.4270373,豊JCT
33.5910553,130.4370907,榎田入口
33.5013888,130.5937811,
33.6063739,130.4047713,千鳥橋JCT
33.6000055,130.3869808,天神北出口
33.5998075,130.4334392,空港通入口
33.5819161,130.4422776,半道橋出口
33.5714113,130.4553808,月隈入口
36.9788730,127.2403824,남안성IC
36.9747771,127.2466656,남안성IC
33.5790825,130.3288603,姪浜出口
33.5940980,130.3516044,百道出口
33.6000700,130.3767904,西公園出口
33.5602329,130.4587425,月隈JCT
33.5620811,130.4602903,西月隈出口
33.5460486,130.3737820,堤出口
33.5405717,130.4157900,野多目出口
33.5475395,130.3491969,野芥入口
33.0146703,129.9499087,大村湾PA(上り)
33.1096108,129.9745743,嬉野IC
33.3108821,130.2066024,小城PA/スマートIC（上り）
33.3209952,130.2764038,佐賀大和IC
33.3972309,130.5159635,鳥栖IC
33.5685472,130.3125600,福重JCT
33.5739926,130.3162674,福重出口
33.5303978,130.1840707,前原東IC
33.5731557,130.2834816,今宿IC
33.5699238,130.2491366,周船寺IC
33.4410851,130.0487282,浜玉IC
33.4475343,130.0516357,浜玉IC
33.1600440,130.0140011,川登SA(上り)
33.2855009,130.1254999,多久IC
33.2159679,130.0506269,武雄北方IC
33.6219346,130.6661502,穂波東
33.6091427,130.6359454,穂波西
37.5319144,127.1100377,올림픽대교 분기점
37.5506671,127.1231507,암사분기점
37.5670628,127.1388498,암사IC
37.5351086,127.1110158,올림픽대교 분기점
37.5309536,127.1091991,올림픽대교 분기점
37.5263829,127.1059515,올림픽대교 분기점
37.5049224,126.9760108,동작대교분기점
37.5150006,126.9312631,여의상류IC
37.5381696,126.9016740,여의하류IC
37.5550464,126.8740746,염창IC
37.5519135,126.8819483,염창분기점
37.5487454,126.9050611,양화대교 북단
37.5055133,126.9803087,동작대교남단
37.5169003,126.9898236,반포대교 북단
33.6054104,130.4035494,築港出口
33.3541919,130.3993363,東脊振IC
33.3837217,130.4807191,山浦PA(上り)
36.4056263,127.4167221,한빛대교IC
33.0589594,130.4280905,大牟田北IC
33.4716226,130.5217684,筑紫野IC
33.2489003,130.5345843,広川IC/SA(上り)
35.2519958,126.9694160,담양분기점
35.2521652,126.9741226,담양분기점
35.2467230,127.0391735,대덕JC
35.2527021,128.8215096,덕암교차로
35.9784635,129.3375012,인주
36.0004457,129.3089876,유강
35.0889484,128.9082154,명호IC
35.4068927,127.3553707,신정교차로
35.8890363,128.6890159,동대구 분기점
35.1845758,126.8914916,용봉
35.1380597,126.9393039,학운교차로
35.1262741,126.8488718,
33.9049371,130.9473561,大里出口
33.8664413,130.8684851,紫川JCT/出口
33.4622997,130.5367118,城山
37.3208423,127.0854661,
37.3198654,127.0889395,
37.2827050,127.1775545,마성IC
37.2838916,127.1731462,마성IC
37.4583474,127.0211520,선암
37.6670445,126.6499933,누산교차로
37.6683310,126.6473372,누산교차로
37.0325243,126.9847679,평택분기점
37.1700708,126.9975370,서오산분기점
37.6633113,127.2387829,호평IC
37.3808287,126.7356215,정왕
37.5174616,127.0759045,종합운동장
35.1370147,129.0724661,문현램프
37.3862499,126.7493110,월곶분기점
33.1480015,129.9951849,武雄JCT
33.1502647,129.9997458,武雄JCT
37.7555892,127.7918207,춘천분기점
34.8366309,126.3576826,신장교차로
36.5885561,127.4676998,양촌분기점
36.5872316,127.4709588,양촌분기점
36.5882835,127.4681531,양촌분기점
36.6056918,127.4208285,석곡분기점
33.1486269,129.7711278,佐世保大塔IC
35.7154456,127.5869378,장수 나들목
35.2904088,128.7881967,한림교차로
37.5292303,127.0224277,동호대교 분기점
37.5314157,127.0246535,동호대교 분기점
33.1691823,129.8519590,佐世保三川内IC
33.1552872,129.8890073,波佐見有田IC
37.6177431,127.1408716,구리
37.6182348,127.1408623,구리
37.4703999,126.5105778,영종IC교차로
37.4840812,126.4921420,공항신도시분기점
33.1476120,129.9863113,武雄南IC
33.1699184,129.8442502,佐世保三川内IC
37.9835044,127.0664530,청산IC
35.2472999,127.4216858,구례화엄사 나들목
35.2521727,127.4172466,구례화엄사 나들목
37.5440337,127.1201522,천호대교 분기점
37.5412680,127.1044583,천호대교 북단
37.5471380,127.1214742,천호대교 남단
37.5374302,127.1140984,천호대교 분기점
37.5479104,127.1104121,광진교 북단
37.5434850,127.1196102,한강공원입구
37.5394812,127.1156737,한강공원입구
37.6306027,126.8044227,일산
37.6735232,126.8928973,통일로
37.6161409,127.1723344,도농IC
37.6103271,127.1247808,인창IC
37.6148216,127.1415403,구리
37.6364424,127.1339763,퇴계원
37.5342220,127.0959484,올림픽대교 북단
33.8150882,130.7458866,小嶺出口
33.8379680,130.7653363,黒崎出口
33.8484195,130.7669142,黒崎出口
33.8629225,130.8067659,大谷JCT
35.8401100,128.5276400,남대구
33.9254251,130.9835320,門司IC
33.8618030,130.8492433,山路出口
33.9302918,130.9719885,春日出入口
33.8746649,130.8863793,足立出口
33.8648831,130.8663080,紫川JCT/出口
33.9228454,130.9706018,門司IC
33.9216605,130.9803796,門司IC
33.8324356,130.9073881,小倉東IC
33.8333898,130.9149169,小倉東IC
33.8745331,130.9676007,吉志PA(下り)
33.8363644,130.9100293,小倉東IC
33.8398900,130.8977259,横代出口
36.6970639,127.5029607,수반교차로
33.9739334,130.9509744,下関IC
37.5079685,126.5143221,공항입구분기점
35.8488689,128.5219260,성서
33.4459247,126.4344950,광령3교차로
33.4533855,126.4407395,광령2교차로
33.4586527,126.4448834,광령2교차로
33.4411362,126.4296824,광령4교차로
33.4252007,126.4099631,유수암교차로
33.4377608,126.4256198,고성교차로
33.4450094,126.4332049,광령4교차로
33.4332456,126.4198390,고성교차로
33.4185753,126.4050805,유수암교차로
36.4923750,127.1988123,서세종IC
36.4966166,127.1927338,서세종IC
37.5123883,127.0026809,반포대교남단
37.5088412,126.9965084,반포대교남단
35.4342545,127.3115706,북남원 나들목
35.1510772,127.4539408,황전IC
35.5519652,127.3201588,오수 나들목
35.4420050,127.3132844,북남원 나들목
37.0472403,127.1366383,안성분기점
36.7625347,127.2130002,독립기념관IC
36.7714951,127.1787498,천안분기점
36.4123477,127.3848234,북대전IC
33.5417959,130.4344240,野多目出口
33.6336576,130.4190674,貝塚JCT
37.6410820,127.3007856,마석IC
37.6436268,127.2935370,마석IC
35.1726726,126.8330852,신가IC
35.1989673,126.8355949,산월IC
35.1654960,126.8298033,유덕IC
35.1640367,126.8287219,유덕
35.1767725,126.8327715,신가IC
35.1581830,126.8271188,유덕
35.2008587,126.8372774,산월분기점
35.1445370,126.8330700,
35.1364039,126.8308497,
35.1254540,126.9395042,학운교차로
35.1663544,126.9390607,두암교차로
35.1187433,126.8636292,풍암지구
35.1759580,126.9407094,각화
35.1233047,126.8553255,풍암지구
33.6138132,130.4104762,東浜出口
33.6387140,130.4219161,貝塚JCT
33.6351332,130.4218846,貝塚JCT
33.6342708,130.4250592,貝塚出口
33.6324447,130.4321579,松島出口
33.6292533,130.4451777,多の津出口
33.5430866,130.3894535,堤出口
35.8466583,127.1893980,동전주
35.8488209,127.1889173,동전주
35.6310431,127.3155769,임실 나들목
35.7571241,127.2192108,상관 나들목
37.2620243,127.1039771,수원신갈
33.3343081,130.9012622,萩尾PA(下り)
33.3354466,130.9053875,萩尾PA(上り)
35.9022640,127.0504330,해전분기점
35.8852335,127.0496533,용정분기점
35.8826559,127.0459435,용정분기점
35.8879398,127.0463495,용정분기점
35.2160628,128.9990029,덕천
36.4910672,127.1207578,공주
36.4930897,127.1169512,공주
36.4941478,127.1265090,공주
36.4848848,127.0593199,서공주분기점
36.4853106,127.0964505,공주분기점
35.8418959,128.6080080,
36.5938134,126.8706414,신양IC
35.9558730,128.9033073,원제교차로
35.9796280,128.9087609,대전교차로
35.9834842,128.9090071,대전교차로
35.9940592,128.9212363,오미교차로
35.9970398,128.9285332,오미교차로
35.9839292,126.8267624,군산 휴게소 (목포 방향)
36.0411802,126.9567839,다송교차로
36.8577750,127.1838378,망향 휴게소 (부상 방향)
33.0456303,129.7498879,小迎IC
35.1376720,128.0995051,진주분기점
35.0221028,126.7750649,석전교차로
35.2918352,128.3496233,장지 나들목
35.6807555,127.9369574,거창 나들목
33.0688227,130.5473550,南関IC
35.5550572,127.3220606,오수 나들목
35.3990339,127.3095431,남원 분기점
35.4033054,127.2997181,남원 분기점
35.4117322,127.3060534,남원 분기점
33.0628452,129.7601619,針尾IC
33.0704537,129.7658723,高畑PA(上り)
33.0727732,129.7669147,高畑PA(下り)
33.0810391,129.7754751,江上IC
33.4022872,130.5944772,筑後小郡IC
35.4427734,126.6651289,고창IC
37.3886334,126.8004351,연성IC
37.3967251,126.8581634,동시흥 분기점
33.8236882,130.8909931,北九州JCT
33.8144883,130.8904622,北九州JCT
36.9410201,127.4684016,대소분기점
33.9012530,130.9427595,大里出口
33.8699993,130.9608638,吉志PA(上り)
33.7773032,130.6945031,鞍手IC/PA(下り)
33.7473758,130.6130665,若宮IC
33.6001372,130.5960614,筑穂
37.7286757,127.0807837,만가대교차로
37.7861865,127.0762502,광사교차로
33.3692061,130.8140131,杷木IC
33.3713772,130.7570005,山田SA(上り)
33.3813855,130.7303860,朝倉IC
33.4015913,130.6514927,甘木IC
33.3697167,130.8044331,杷木IC
33.3767194,130.7528444,山田SA(下り)
33.3969972,130.5450604,鳥栖JCT
33.4018186,130.5767033,井上PA(上り)
33.4035251,130.5870452,筑後小郡IC
33.3924614,130.5027073,国泰寺
36.4111428,127.3811509,북대전IC
36.4352309,127.4190484,신탄진IC
35.5498573,129.2469273,울산 분기점
35.5602850,129.2447892,울산 분기점
35.5651737,129.2340738,울산 분기점
33.3923902,130.5027780,国泰寺
33.4009801,130.5117236,柚比
33.8765356,130.8900305,足立出口
33.8820499,130.8667484,愛宕JCT
33.8897368,130.8717203,東港JCT
33.8931696,130.8656139,東港JCT
33.8948150,130.8635568,日明出口
33.8181368,130.7515142,小嶺出口
33.7803387,130.7375263,八幡IC
33.8848567,130.9085424,富野出口
33.1807744,130.3995407,柳川西IC
37.5949227,126.7998439,개화IC
37.6028810,126.7892056,전호IC
37.6038600,126.7869681,신곡IC
37.6474189,126.7055415,김포한강신도시
37.6319888,126.7375986,한강시네폴리스
37.6291130,126.7848629,신평IC
37.6203618,127.2228312,율석
35.8041756,129.1471206,건천
37.5279399,127.0074153,한남대교 북단
37.3921825,127.1017939,판교
37.3985996,127.0993383,판교
37.4032863,127.0974735,판교분기점
35.8443427,128.5258074,성서
35.8538768,128.5222746,성서
35.2325762,129.1164613,회동교차로
33.3388439,130.9259592,日田IC
33.0321676,129.9279674,東そのぎIC
33.3535759,130.3911478,東脊振IC
33.1744526,129.7108451,佐世保中央IC
33.2081523,130.5234648,八女IC
35.2128090,128.8849695,부원교차로
35.2128882,128.8591538,칠산교차로
35.2140913,128.8926234,부원교차로
35.2144868,128.9041618,식만분기점
35.2163532,128.9122150,식만분기점
35.2334313,128.9798260,초정IC
36.9325162,126.7763536,송악IC
36.9371223,126.7818947,송악IC
33.1566253,129.8960194,波佐見有田IC
34.8986470,127.5465707,도롱교차로
34.9635135,127.5948502,인동IC
33.3407194,129.9237478,南波多谷口IC
35.1504467,129.0608391,황령램프
35.1504382,129.0587013,범내골램프
34.9260566,127.7051283,길호IC
34.9308136,127.7038295,마동IC
35.1442889,129.0666851,문현램프
33.9009703,130.8380149,
36.2958124,126.8488460,부여IC
36.3007717,126.8560252,부여IC
33.0373274,129.9261480,東そのぎIC
36.8992334,127.1890581,북천안
38.0707009,128.5996855,양양분기점
38.0640921,128.6050943,양양분기점
33.1519091,129.7326138,佐世保みなとIC
33.1714214,129.7132734,佐世保中央IC
33.2006734,129.6742334,相浦中里IC
33.2033255,129.6717079,相浦中里IC
38.0633145,128.5967211,양양분기점
38.0728861,128.5941737,양양IC
33.1428255,129.9963378,武雄JCT
33.0681248,129.7642466,針尾IC
33.0880843,129.7782915,江上IC
33.2228118,130.0498975,武雄北方IC
33.2600634,130.0817884,多久西PA(上り)
33.2937113,130.1161310,多久原IC
33.3120958,130.0680406,牧瀬IC
33.3170951,130.0600080,浪瀬IC
33.0452065,129.7449798,小迎IC
33.0420227,129.7467150,小迎IC
33.1117276,130.4370894,高田IC
33.1440972,130.5096251,みやま柳川IC
33.1510385,130.5084190,みやま柳川IC
38.0787179,128.6279262,
33.1050503,130.4374033,高田IC
38.0238965,128.6962964,하조대IC
38.0276404,128.6912800,하조대IC
38.0352827,128.6852728,하조대IC교차로
38.1178995,128.6283996,
33.1257810,130.5182277,山川PA(上り)
33.1309732,130.5174497,山川PA(下り)
33.0446064,130.4317329,健老IC
33.5586543,130.4708460,月隈JCT
36.5897662,127.4644906,양촌분기점
36.6069664,127.4159401,석곡분기점
36.6072009,127.4157008,석곡분기점
36.6089674,127.4135108,석곡분기점
36.6173461,127.4001925,강상촌분기점
37.6164231,127.0987507,신내IC
37.6469934,127.1629517,진관IC
37.6117806,127.1315740,인창IC
37.6411789,127.1434605,퇴계원IC
37.6450233,127.1589262,진관IC
37.6414484,127.1402365,사노IC
37.6415364,127.1379681,사노IC
37.2637799,127.0911537,청명IC
37.6134161,127.1360724,동창교IC
33.7215477,130.4973899,古賀IC
33.7163134,130.4913445,古賀IC
36.8940964,126.9690224,철봉교차로
33.0136526,130.4251548,三池港IC
33.6259678,130.4669594,粕屋出口
36.1481599,127.0600939,연무
33.4576415,130.5369381,城山
33.4735642,130.5303108,立明寺
33.4768746,130.5231273,三本松
37.5335236,127.0231667,
34.8243199,127.3423612,고흥IC
34.8958177,127.4763863,순천만IC
34.9036974,127.5263796,도롱IC
33.4885686,130.5889607,
33.4458846,130.5311965,基山PA(下り)
33.5913382,130.4268038,博多駅東入口
33.5977801,130.4181979,千代出口
33.4412451,130.5272118,原田
33.4466649,130.5315910,原田
33.5951540,130.4229536,博多駅東出口
38.5463969,125.7444597,사리원-연탄IC
38.5482069,125.7432263,사리원IC 북쪽
38.5467517,125.7443680,연탄IC
38.5479660,125.7428772,연탄IC
38.5498013,125.7415867,사리원-연탄IC
38.5494457,125.7417096,사리원IC 북쪽
38.5151637,125.7800079,사리원IC 동쪽
38.5160698,125.7766669,사리원IC 동쪽
38.5652925,125.7317256,정방리 IC
33.4168661,130.5108491,園部
33.4251567,130.5157213,宮浦
33.4323471,130.5227748,城戸
33.4107416,130.5104123,正応寺
33.4204046,130.5115402,園部
33.4287432,130.5187362,宮浦
33.6226154,130.4142860,箱崎出口
33.5996246,130.4329196,空港通出口
33.6015681,130.3942446,天神北出口
33.6606162,130.4385387,香椎出口
33.5502933,130.3385351,野芥出口
33.5579715,130.3196919,福重出口
38.4880472,125.9016323,봉산IC
38.4881672,125.9016058,봉산IC
38.4464845,126.1171840,화곡IC
38.4455895,126.1191894,화곡IC
35.9538471,128.4556488,칠곡물류IC
35.9056439,128.6325192,불로IC
37.5799729,127.1848206,미사교차로
36.0433732,129.3108720,포항IC
35.6770772,127.9328693,거창 나들목
33.5955091,130.4334952,榎田出口
35.3589033,127.3395861,서남원 나들목
35.3635040,127.3354180,서남원 나들목
37.6048549,127.0457506,하월곡
37.6152691,127.0687784,월릉IC
35.4023412,127.3559840,신정교차로
33.2315406,130.2527838,嘉瀬南IC
33.4034338,129.9586397,唐津千々賀山田IC
33.4031356,129.9494098,唐津千々賀山田IC
34.9461323,127.5496726,동순천 나들목
34.9490109,127.5525161,동순천 나들목
34.9511959,127.5523877,동순천 나들목
34.9536885,127.5532969,동순천 나들목
33.3224908,130.0403786,岩屋IC
33.3815757,129.9341683,北波多IC
37.5909787,127.2055308,덕소삼패
33.5458117,130.3543994,野芥出口
37.6058428,129.0705294,동해 휴게소 (삼척 방향)
33.1501685,129.7865243,佐世保大塔IC
37.4365066,127.0015032,대공원
37.0097632,126.9898482,오성IC
37.0298046,126.9738880,평택분기점
37.0339444,126.9687248,평택분기점
37.0346132,126.9845346,평택분기점
37.0547248,126.9861341,어연IC
37.0598679,126.9890916,어연IC
37.2218722,126.9611053,봉담
37.2281520,126.9578348,봉담
37.2296658,126.9567568,봉담
37.2305371,126.9554254,봉담
37.1744138,127.0025222,서오산분기점
37.1791549,126.9888048,서오산분기점
37.1799447,127.0009437,서오산분기점
37.1926367,127.0120717,안녕IC
33.8612311,130.8759079,
33.8697964,130.8698499,紫川JCT
33.8733116,130.8707487,篠崎北出口
33.8807975,130.8692507,大手町出口
33.2991540,130.0986993,小侍IC
33.1606392,130.0210293,川登SA(下り)
33.3287355,130.3067431,金立SA(上り)
33.5744394,130.4524870,月隈出口
33.5696649,130.2916410,福岡西PA
33.5418491,130.2011929,前原IC
35.1641061,128.1284558,진주IC
33.4731915,130.0438613,二丈鹿家IC
33.4839510,130.0553121,鹿家IC
33.4876867,130.0615571,鹿家IC
33.4974967,130.0804251,吉井IC
36.9360192,127.4493507,장양교차로
36.9685634,127.4394420,소물교차로
33.8684313,130.8055668,東田出口
33.8693955,130.7981746,東田ランプ
33.8695680,130.7866140,前田ランプ
33.8691086,130.7797750,前田ランプ
33.8669404,130.7597302,皇后崎ランプ
33.8671616,130.7630645,黒崎北ランプ
38.1523979,126.4668390,금촌IC
38.3253911,126.3392487,
37.3884798,126.7982413,연성IC
38.4072293,126.1902307,서흥IC
38.0218102,126.5125941,삼고 인터체인지
36.9502817,127.4708524,대소분기점
36.9415470,127.4785452,대소분기점
35.2539330,128.9833296,대동
36.9460978,127.4475734,북진천IC
35.9867173,129.4622022,동해
35.9456516,129.3930361,남포항
35.9462197,129.3858356,남포항교차로
36.1960483,128.0023133,추풍령IC
36.2031688,128.0012430,추풍령IC
38.0237952,126.5132078,삼고 인터체인지
33.9016610,130.8326061,若戸出口
37.5763798,127.0343777,마장
37.4789536,127.4689084,남양평나들목(하이패스)
37.5523062,126.9003312,
37.5523747,126.9007142,성산대교북단
37.5578600,126.8935403,성산대교 북단
35.1361007,129.1129630,
37.5580920,126.8940258,성산대교 북단
37.5602282,126.8909651,성산대교 북단
37.5558705,126.8963449,성산대교 북단
37.5438813,126.9264255,서강대교 북단
37.5431443,126.9303715,서강대교 북단
37.5320058,126.9489135,원효대교 북단
37.5400862,126.9386933,마포대교 북단
37.5337488,126.9452338,원효로
37.5375943,126.9420456,마포대교 북단
37.5369965,126.9410896,마포대교 북단
37.5160691,126.9798461,동작대교 북단
37.5459243,127.0336295,강변북로분기점
37.5293054,126.9103959,여의하류IC
37.5614980,126.8881755,한강공원입구
37.5734345,126.8684717,가양대교 북단
37.5784780,126.8591141,가양대교북단
37.5670460,126.8560901,가양대교남단
37.5637587,126.8623439,가양대교남단
37.5633748,126.8628340,가양대교분기점
37.5718233,126.9215711,연희
37.5651285,126.9098761,성산
37.5950604,126.9491324,홍은
37.5865920,126.9354870,홍제
37.5951352,127.0404595,월곡
37.6026892,127.0343805,하월곡분기점
37.6014956,127.0397635,월곡
37.3948749,127.2328720,태전분기점
37.4168497,127.1585025,섬말
37.3816759,127.2897112,쌍동분기점
37.3598561,127.3667575,열미
37.3584588,126.7687674,군자분기점
37.9625404,126.5532790,
37.9622857,126.5568175,
38.5668460,125.7311822,정방리 IC
38.6112414,125.7204356,사리원JC
38.6024229,125.7225862,침촌 인터체인지
38.3247614,126.3399520,
38.3029404,126.3579488,평산IC
37.5033546,127.0185355,반포IC
36.6265010,127.3833200,청주 나들목
33.4054069,130.5380908,鳥栖JCT
33.2311162,130.2355130,久保田IC
38.1576552,126.4672595,금촌IC
36.9408767,127.4481841,장양교차로
36.9455016,127.4511924,북진천IC
37.5236010,126.6924122,서인천
37.5242327,126.7616433,서운분기점
37.4872988,126.6750126,가좌
37.4844369,126.6748363,가좌
37.5248972,126.8314189,신월
37.2658138,127.1916173,서용인분기점
35.1192186,128.4639802,지산분기점
35.1616421,126.8336702,
36.8006426,127.4340238,태락교차로
37.1927502,126.7724133,마도분기점
37.0495618,126.8865492,서평택분기점
37.0530455,126.8938215,서평택분기점
37.0555595,126.8829722,서평택분기점
37.0516092,126.8887416,서평택분기점
37.3277857,126.7489946,남안산IC
37.1839734,127.0622660,북오산나들목
37.1837176,127.0575075,북오산나들목
35.8741807,127.0457008,대흥 교차로
35.2630197,126.7961241,남장성JC
35.4301918,126.8041670,백양사IC
37.5702484,126.6705968,청라
35.8874976,127.0786878,반월 교차로
35.4746657,127.4761359,동남원IC
35.4802914,127.4825885,동남원IC
37.4857520,126.4894384,공항신도시분기점
38.4039960,126.1965274,서흥IC
37.4328660,126.7384817,서창분기점
37.4379018,126.7394762,서창분기점
37.5975502,126.7761792,김포
37.3832386,126.7893426,
33.9011432,130.8502679,西港出口
35.1589768,126.7777112,운수
33.0234434,130.4280433,大牟田IC
36.0425728,126.7853370,동서천IC
33.6788138,130.9936875,みやこ豊津IC
33.7177796,130.9505488,行橋IC
33.7265117,130.9481421,行橋IC
33.3178495,130.0520766,浪瀬IC
33.3270826,130.0351596,岩屋IC
33.4942926,130.0766690,吉井IC
35.8449683,128.6062173,희망교지하차도
35.7030390,128.0247620,가조 나들목
35.7048010,128.0297362,가조 나들목
35.1916891,126.9376372,문흥
35.1905072,126.9292741,문흥
36.7685609,128.5716772,영주 나들목
37.5436385,126.8927927,한강공원입구
37.5476045,126.8887979,성산대교남단
37.4696776,126.9831179,사당IC
37.4699109,126.9489342,관악IC
35.0189599,126.6427940,다시IC
37.0421184,127.7483623,충주분기점
33.3027789,130.0921382,小侍IC
33.4147861,129.9979149,唐津IC
33.3108890,130.0741273,牧瀬IC
33.4985790,130.5926576,
33.7928230,130.9683188,苅田北九州空港IC
33.7968250,130.9638349,苅田北九州空港IC
37.4825089,126.8746243,
37.4613381,127.0418050,서울만남의광장휴게소
37.5393528,126.8898241,
37.4038480,127.0965164,판교
37.3592413,127.0633424,서분당(고기)
37.2900617,127.1028813,신갈분기점
37.6495230,127.1242367,별내
35.4984145,129.3037524,
35.4885466,129.3135048,
35.4685689,129.3411191,
33.3464875,126.3579008,봉성교차로
35.8556366,128.6086179,
33.4144036,126.3986774,렛츠런파크교차로
33.4075393,126.3887242,소길교차로
33.3779076,126.3703097,어음2교차로
33.3824690,126.3715857,어음2교차로
37.9143987,128.7901139,남양양IC
33.3968191,126.3774768,원동교차로
33.4029451,126.3813785,원동교차로
33.3106676,126.3452334,동광IC
33.3237226,126.3517000,동광1교차로
35.4821609,129.3293585,
33.3599854,126.3637725,새별오름
33.3644791,126.3666927,새별오름
37.6592587,126.7186265,이산포분기점
37.5170361,127.0808262,종합운동장 분기점
37.9943981,128.5321547,서양양IC
37.2065947,126.7609691,송산마도나들목
37.2110179,126.7594857,송산마도나들목
37.6872091,126.6802880,장월IC
37.6821237,126.6798197,구산IC
37.3756173,127.5261249,북여주IC
37.5189345,127.4500271,양평
35.2537808,129.1000232,구서
36.1335980,128.1734348,동김천IC
35.9179132,128.6673712,도동분기점
35.9037740,128.4932523,칠곡분기점
35.8393103,128.3260707,남성주IC
35.9198278,128.2488037,성주IC
37.6863167,126.7077395,"장산,가좌IC"
37.4879974,126.8727178,광명교
37.3933460,126.8384192,도리분기점
37.3989255,126.8449976,도리분기점
37.3943828,126.8502948,도리분기점
37.4065196,126.6467126,송도
37.4029610,126.6523872,송도IC
37.4038870,126.6521330,송도IC
37.5341848,126.5586910,북인천
35.0708391,126.9740645,교리교차로
35.0654756,126.9778385,교리교차로
37.0644650,127.9180805,동충주IC
37.0344850,127.8101053,노은 분기점
37.0393086,127.7474777,충주분기점
33.7028339,130.9618903,今川PA/スマートIC
33.7073029,130.9572225,今川PA/スマートIC
37.5994748,126.8357990,행주산성 분기점
35.2071994,126.8343500,산월
35.2252956,128.8924952,동김해
37.0148724,126.9895162,오성IC
37.1289259,127.0003868,향남IC
37.1325000,127.0012528,향남IC
37.1820013,126.9744078,정남나들목
37.1760634,127.0334868,오산휴게소(하행)
37.1783725,127.0399814,오산휴게소(상행)
36.6198575,127.3973076,강상촌분기점
36.6199137,127.3973940,강상촌분기점
36.6226042,127.3954427,강상촌분기점
35.9874401,127.1140609,익산
36.0233163,127.0936342,연명교차로
36.0183640,127.0903826,연명교차로
35.9896863,127.0597246,금마교차로
35.9284477,127.0617546,온수교차로
35.9014878,127.0503403,해전분기점
35.8852364,127.0467021,용정분기점
35.8851593,127.0450202,용정분기점
35.8846672,127.0459428,용정분기점
35.8925947,127.0983629,신미 교차로
35.8846594,127.1597612,용진 교차로
37.8384691,127.0821483,회암교차로
37.9050559,127.0283384,동두천
33.3463056,129.9247272,南波多谷口IC
37.2497233,127.5878818,남여주 나들목
37.2370000,127.5883336,여주분기점
37.2395549,127.5876521,여주분기점
37.3200009,127.0543804,서수지
37.3020713,127.0580870,광교·상현
37.2971083,127.0607868,
36.2801375,127.6758372,금강IC
37.0192413,126.9849787,오성IC
35.2833905,128.9886452,대동분기점
35.2796446,128.9825623,대동분기점
35.2244805,128.9141460,김해 분기점
37.0337642,127.7320984,충주분기점
37.0100836,127.6673234,서충주IC
37.0100223,127.6708773,서충주IC
37.0375916,127.8093922,노은 분기점
37.0384021,127.8032682,북충주 나들목
37.7644190,127.0838457,자금교차로
37.0126481,126.9876821,오성IC
37.5163314,126.9412620,여의상류IC
37.5174228,126.9425895,여의상류IC
37.0638649,127.9250717,동충주IC
37.4384559,126.8988190,소하분기점
37.6918785,126.7079013,송산IC
37.5192088,126.6785768,
37.3281576,127.0642254,
37.3260541,127.0677041,
37.3263656,127.0669646,
37.7904262,126.6793938,성동IC
37.5723838,127.1637999,강일IC
37.5755634,127.1692427,강일분기점
37.3016782,126.9355108,동안산·당수
37.3900293,126.8663262,동시흥 분기점
37.4112596,126.8576935,남광명분기점
37.4441985,127.0035852,광창
33.0113944,130.5838964,玉名PA(上り)
33.1463922,130.4222017,徳益IC
33.1302328,130.4249040,大和北IC
33.5888102,130.4990113,須恵PA(下り)/スマートIC
35.6962619,128.1865086,해인사 나들목
35.6963659,128.1879694,해인사 나들목
33.8019947,130.8574427,小倉南IC
33.8731620,130.8079465,枝光出口
37.3289119,126.9326546,동군포IC
37.2270085,128.8076611,사북교차로
37.2627029,128.7508559,남면교차로
37.2162589,128.8329304,부처소교차로
37.3911797,127.0703668,서판교
37.3853185,127.0694907,서판교
37.6309743,127.0649830,월계1교
35.8747660,128.6086599,신천교지하차도
34.9851831,127.5444470,순천분기점
34.9905354,127.5320264,순천분기점
37.8972675,126.7486644,자유IC
35.2760948,128.6714258,남산교차로
35.9433925,129.3883925,남포항
35.3142856,128.7247170,진영교차로
33.3547882,126.3605351,봉성교차로
37.3228229,126.9627458,부곡IC
37.3671166,126.9993441,청계
37.6432340,126.7534528,한류월드IC
35.9514030,129.3677411,대송
37.3937442,127.2373504,태전분기점
37.3941519,127.2353936,태전분기점
37.3941928,127.2356995,태전분기점
36.7125730,127.5495015,학평교차로
36.7129965,127.5521628,학평교차로
36.6778904,127.5209780,국동교차로
36.6815727,127.5190551,국동교차로
36.6825733,127.5221844,국동교차로
37.6648819,127.1535188,임송IC
37.6901159,127.1662217,연평IC
37.0789069,128.1698626,제천분기점
37.0791473,128.1730173,제천분기점
37.0758147,128.1821195,남제천 나들목
37.4253766,127.1235146,성남
33.7516549,130.6415623,宮田スマートIC
35.9544496,129.4393991,세계
33.7749912,130.6895473,鞍手IC
37.4207150,127.1548904,대원
35.1950256,128.8114940,장유
37.4352746,126.8937083,소하
37.5398512,126.7500534,계양
35.1330720,128.7805510,소사교차로
35.1349668,128.7779150,진해IC
35.1812475,128.8359055,응달교차로
35.8997156,127.1217001,전미 교차로
37.8640926,126.7635779,당동IC
37.0376923,127.6115051,
37.0391306,127.6104054,
37.3954933,126.8634958,동시흥 분기점
37.3962502,126.8550427,동시흥 분기점
33.2174808,130.2142884,芦刈IC
33.2062642,130.2151586,芦刈南IC
35.3648423,127.1287573,순창IC
37.4382833,126.9058626,금천램프
37.4662333,126.9452824,관악IC
37.4711503,126.9579292,낙성대JC
35.1580395,128.1131352,진주IC
37.4027713,127.2056143,직동
37.4625842,126.8886770,금천 나들목
37.4106239,127.0895840,대왕판교
33.7879603,130.7459654,金剛出口
36.6628858,127.5135588,
35.2891113,128.3884879,함안
35.8948875,127.1051974,신미 교차로
36.3999814,128.4059314,서의성IC
36.4019883,128.4129249,서의성IC
36.3750994,128.2692001,상주분기점
36.4316413,128.6296092,안동분기점
36.3808158,129.3596524,영덕분기점
37.3716338,127.3200141,초월IC
37.3799140,127.2974747,쌍동분기점
37.3841242,127.3153203,경기광주분기점
37.3857886,127.3155373,경기광주분기점
37.3810187,127.3972368,동곤지암IC
37.3806010,127.4039958,동곤지암IC
37.3784658,127.5161018,흥천이포IC
37.3781260,127.5125212,흥천이포IC
37.3330786,126.7522222,남안산IC
35.9491601,129.3916780,남포항교차로
35.4185507,127.3596530,남원역교차로
35.4121746,127.3570069,남원역교차로
36.6934274,127.4721333,오동분기점
35.1145673,128.0871467,사천 IC
37.3849078,127.5796815,대신IC
37.3846313,127.5817751,대신IC
37.3856239,127.9290048,원주분기점
37.3925667,127.9334916,원주분기점
37.3910476,127.8927789,신평분기점
37.3894906,127.8839773,신평분기점
37.3932689,127.8551952,서원주IC
37.3947566,127.8628146,서원주IC
37.3192166,127.0907332,
37.3205517,127.0864899,
35.7850795,129.4255851,동경주
35.7794273,129.4226389,동경주
35.7337374,129.3178060,남경주
35.7301486,129.3095127,남경주
35.5565063,129.2515716,울산 분기점
35.6196639,129.2846300,척과구룡IC
37.5300656,126.9523442,원효대교 북단
37.5956488,126.7989609,개화
37.4517996,129.1252862,삼척IC
37.3956023,129.2019657,근덕나들목
37.4507501,129.1298088,삼척IC
37.5094966,129.0943745,동해IC
38.2029204,128.5188414,속초IC
38.1568721,128.5866362,북양양IC
38.1515959,128.5852765,북양양IC
36.4549238,129.0227398,청송IC
36.4552780,129.0267839,청송IC
36.3644859,128.2401653,낙동분기점
36.3674601,128.2460840,낙동분기점
36.3759007,128.2922986,동상주IC
36.3758902,128.2985444,동상주IC
36.4363910,128.8837654,동안동IC
36.4367937,128.8909423,동안동IC
36.4939322,129.1217473,동청송영양
36.3823395,129.3670849,영덕IC
36.4331316,128.6139359,안동분기점
36.4326302,128.6268451,안동분기점
36.4398411,128.6182878,안동분기점
36.4327857,128.6168866,안동분기점
35.2267990,128.7739779,진례분기점
35.2287556,128.7773268,진례분기점
36.3660192,128.2390304,낙동분기점
36.3663632,128.2394841,낙동분기점
36.9868719,127.6174605,음성IC
36.9908984,127.6214908,음성IC
35.1791536,128.7853511,대청
37.7537730,127.2165287,팔야교차로
37.3227536,126.9273004,남군포
37.3274104,126.9247825,남군포
37.8131647,127.0738229,고암교차로
37.0121378,126.9966020,오성IC
37.0139743,126.9934077,오성IC
34.8980811,127.4880611,순천만IC
37.1725001,127.0945203,동탄분기점
37.1763339,127.0972308,동탄분기점
34.8349633,127.2943424,벌교IC
36.1376927,128.1784505,동김천IC
37.4826492,126.4207750,제2국제업무단지
37.4838626,126.4204651,제3국제업무단지
37.4857325,126.4188529,제3국제업무단지
37.2941959,126.9431225,당수IC
35.8993168,127.1491899,완주
37.5304595,127.2154828,하남
37.5230065,127.2205053,하남
35.9286917,127.0802837,삼례
33.8117379,130.8809320,北九州JCT
33.8051560,130.8496626,小倉南IC
33.7787404,130.7011510,直方PA(上り)
33.7466658,130.6048132,若宮IC
33.3213945,130.5544874,久留米IC
33.0154496,130.5841484,玉名PA(下り)
35.1991149,128.8040845,장유
33.3816953,130.7223697,朝倉IC
37.2351327,126.7602202,송산포도 휴게소
37.2405371,126.7581163,송산포도 휴게소
37.1984455,128.6095559,석항교차로
37.5625464,126.8868661,성산대교분기점
35.2878943,128.5053610,칠원JC
37.3235595,126.9609935,부곡IC
35.3235234,129.0229596,남양산
37.5174650,127.0789194,한강공원입구
35.2189705,126.8274596,광산IC
34.6975587,126.7122746,강진 무위사
37.1820753,128.2669777,송학교차로
37.1840241,128.2707455,송학교차로
37.1865777,128.2790871,무도교차로
37.1858789,128.2835635,무도교차로
37.1745522,128.3203792,쌍용1교차로
37.1716457,128.3477844,창원교차로
37.1868995,128.3707408,연정교차로
37.1855520,128.3966517,연당교차로
37.1934615,128.5633747,연하교차로
34.8414155,126.4212848,목포IC
35.1799614,128.8217221,남장유
36.8250126,127.1679690,천안
35.8941612,128.5930353,
37.2464841,127.2646006,용인분기점
37.2397724,127.2953663,양지IC
33.3220217,129.8056003,山代久原IC
33.4148727,130.0052273,唐津IC
38.0711007,128.5942009,양양분기점
36.5799709,128.6604614,교리교차로
37.7032755,127.0433151,호원
35.9957354,129.3146650,중명
35.9717104,129.3451523,우복
34.9762260,127.6017546,광양IC
35.4295046,127.3933108,남원 나들목
34.8139060,127.1046108,보성IC
34.8140824,127.1065018,보성IC
37.1802066,128.3041030,쌍용교차로
37.1794896,128.3133628,쌍용1교차로
37.1676895,128.3323152,쌍용2교차로
37.1694751,128.3256032,쌍용2교차로
37.1878010,128.4437331,영월
37.1823084,128.5085146,동영월교차로
37.1867484,128.5123452,동영월교차로
37.1913002,128.5570017,연하교차로
37.6698757,126.6257873,서김포·통진
37.6031086,126.6159488,검단·양촌
37.5972486,126.8575009,현천IC
37.5952356,126.8638243,현천IC
37.1990303,126.8883830,남비봉나들목
36.6771247,127.5199507,국동교차로
36.6986931,127.4923150,외남교차로
35.2513888,128.5193308,내서 분기점
36.9172771,128.9711167,어지교차로
37.4032556,127.1905764,직동
35.2238948,128.7742557,남진례
36.6889220,127.5177700,구성교차로
37.7583435,127.0918434,자금교차로
37.4704864,126.9881655,사당IC
35.8641336,129.1011930,북건천
35.9678530,129.3449775,우복
35.9690238,129.3489596,우복
37.5169584,126.6241587,남청라
37.5144493,126.6258813,남청라
37.5611703,126.6228874,북청라
36.7038245,127.5377022,도원교차로
36.6927362,127.5322183,묵방리교차로
37.2422685,127.3621768,덕평IC
37.2789374,126.9505264,금곡
37.2894721,126.9486338,금곡IC
37.6459920,126.7469207,한류월드IC
37.3261744,126.9228857,군포
33.2260211,129.6460215,佐々IC
37.2498194,126.9500668,천천
37.2345680,126.8601440,양노
37.2418424,126.9346279,샘내
37.2489184,126.9457785,천천
37.2363514,126.9188373,내리
37.2316660,126.8823677,백학
37.2327981,126.8628673,양노
37.2308766,126.9004317,쌍학간이IC
37.2534704,126.9492102,천천
37.5769059,127.1433724,남구리
37.8449964,127.1673407,선단
37.9110744,127.2188418,신북
37.5785248,127.1369094,남구리
37.8208556,127.1379092,소흘분기점
37.8180682,127.1494961,소흘분기점
37.8120544,127.1383468,소흘분기점
37.5757926,127.1354532,남구리
37.5786323,127.1327035,남구리
37.6109522,127.1147492,중랑
37.6149227,127.1135594,중랑IC
37.7233253,127.1138110,동의정부
37.7179387,127.1110805,동의정부
37.7454132,127.1213696,민락
37.7505205,127.1218900,민락
37.8015336,127.1328708,소흘
37.7962511,127.1317719,소흘
37.8470623,127.1730511,선단
37.4245067,126.9093969,석수
37.4243352,126.8949300,일직분기점
37.4251514,126.9114163,삼막
37.4289442,126.9160925,삼막
37.4099648,127.1034164,동판교
37.4045430,126.9912580,북의왕
37.4954089,126.4255405,제3국제업무단지
37.4983418,126.4555465,화물터미널
37.5015452,126.4811563,운서
37.6357630,127.1270092,중랑
37.6138610,127.1081390,중랑IC
37.2080802,127.1259298,중리교차로
36.7231233,127.1414533,남풍세
36.7144779,127.3521873,옥산분기점
36.7434565,127.4610199,오창분기점
36.7457659,127.4691893,오창분기점
36.7072922,127.3476824,옥산분기점
36.7181116,127.3396110,옥산분기점
37.1745859,127.1243617,신리교차로
37.1682688,127.1236573,신리교차로
37.7573223,128.8020534,강릉대관령휴게소(강릉방향)
37.4121959,127.1051645,동판교
37.4225858,127.1322249,성남시청교차로
37.4080357,126.9843624,북의왕
37.3724839,127.3192974,경기광주분기점
37.3747084,127.3282437,초월IC
37.6806920,126.7079354,"장산,가좌IC"
37.6078689,127.0013141,정릉
37.6043403,127.0268655,길음
37.5706860,127.1250938,아천IC
36.6739967,127.2140209,전의2교차로
36.6730550,127.2189628,전의2교차로
37.6107582,127.1191684,중랑IC
37.4982901,126.4666168,운서
37.4969051,126.4443240,용유
37.4777397,126.4259224,제2국제업무단지
37.4967335,126.4448129,화물터미널
35.9691988,129.4529877,금광
35.9502644,129.4347243,세계
35.9426821,129.4112987,오천
35.9452613,129.4182375,오천
35.1988865,129.2040892,동부산 나들목
37.6092586,126.9974291,국민대입구
37.3775601,126.9981467,학의분기점
35.1449164,127.4578136,황전IC
37.3861499,126.8682086,목감휴게소
35.1929258,126.8639930,동림
37.8168918,127.1467815,소흘분기점
37.6803397,127.1133206,서별내IC
37.6803403,127.1088262,서별내IC
37.6868376,127.1333750,동별내IC
37.6687632,127.1366713,남별내
37.6747702,127.1380050,남별내
37.6497643,126.6040636,대곶
37.5985798,126.6201071,검단·양촌
37.6444360,126.6025628,대곶
37.6252292,127.1394326,
37.6120095,127.1428207,구리
37.6153119,127.2094743,무대
37.6482594,127.2503128,평내
37.6493473,127.3366425,월산IC
37.6487915,127.1768692,먹골교차로
33.6231190,130.6722253,
36.8613465,127.9275886,괴산교차로
36.9550666,127.5547705,금왕꽃동네IC
36.9540785,127.5469731,금왕꽃동네IC
37.5092972,126.9963441,한강공원입구
37.2912272,127.3777187,
37.2937925,127.3793626,신둔IC
37.2906354,127.3789533,
37.6088602,127.1910820,이패
37.6485705,127.1710313,먹골교차로
37.6465440,127.1910546,사릉IC
37.5963791,127.1778638,수석
37.4003386,127.6706110,동여주IC(하이패스)
37.4001602,127.6745107,동여주IC(하이패스)
37.3995431,127.7495901,동양평IC
37.5746371,127.1318094,아천IC
37.7583922,127.9683842,동홍천IC
37.7895696,128.1439276,내촌IC
37.7884337,128.1356801,내촌IC
37.9145604,128.2894080,인제IC
37.9137257,128.2879094,인제IC
35.2342193,126.8247965,북광산IC
35.0787598,126.9681097,중촌IC
37.6610445,127.1556429,신월교차로
37.6573750,127.1586442,신월교차로
37.6495891,127.1611670,구진관IC
37.4148067,126.8597237,남광명분기점
37.5333773,127.3046098,조안 IC
35.2550258,128.8185378,덕암교차로
35.2371672,128.8326958,주촌교차로
35.2137864,128.8515491,칠산교차로
35.2819701,129.2179304,기장분기점
35.2839874,129.2274904,기장분기점
35.2763400,129.2234153,기장분기점;기장
35.2742568,129.2216215,기장분기점
35.2821079,129.2101675,기장
35.9034562,128.5866472,침산교지하차도
35.9071364,128.6337304,불로IC
36.0386697,126.9500205,다송교차로
37.1168234,126.8210831,조암
37.1205924,126.8157966,조암
35.9000181,129.2409013,신당1교차로
34.9607503,127.8129722,명덕교차로
34.9652935,127.8143718,명덕교차로
34.9812702,127.8118023,조금교차로
34.9856509,127.8141571,조금교차로
37.3881718,126.7564819,월곶분기점
35.5115189,129.2789431,
35.4765659,129.3253159,
36.7247637,127.4144292,서오창IC
36.7314782,127.4207395,서오창
36.3133558,128.3222524,도개IC
36.3154854,128.3205585,도개IC
37.7787546,127.0769667,광사교차로
37.7996660,127.0755844,고읍교차로
37.8058831,127.0750234,고읍교차로
37.8140219,127.0734909,고암교차로
37.8343933,127.0792408,회암교차로
36.2462807,128.4801692,서군위IC
35.9234927,129.0061779,영천분기점
37.6957157,127.1659689,연평IC
37.2150823,127.2045829,대촌분기점
37.2289518,127.1837325,명지
37.2711577,127.1124479,상갈
37.1275905,126.8807842,발안IC
37.1831073,127.4414088,남이천IC
37.4773901,127.2458724,산곡분기점
37.0186401,127.4825811,삼성IC(하이패스)
37.5234013,128.2770091,동둔내IC(하이패스)
36.0425858,126.7850003,동서천IC
36.6531160,127.3730822,옥산IC(하이패스)
36.4486458,127.8698914,구병산IC(하이패스)
35.2848443,129.1454060,기장철마
35.2831084,129.1524105,기장철마
35.2834601,129.1144438,금정
35.2839064,129.1098372,금정
35.2871382,129.1017074,노포분기점
35.2886786,129.0988111,노포분기점
35.2829711,129.1044362,노포분기점
36.0435692,128.8081597,신녕 나들목
37.6305113,126.7779781,신평IC
37.6170763,126.7412618,향산교차로
36.7097609,127.5481528,학평교차로
36.7372122,127.5527712,신기교차로
36.7435713,127.5550276,장재교차로
36.7566550,127.5627092,금암교차로
36.1577827,128.5687150,군위 분기점
36.1614975,128.5510593,군위 분기점
36.1632759,128.5484600,군위 분기점
36.1597758,128.5480932,군위 분기점
36.1589309,128.5673123,군위 분기점
36.1559860,128.5665857,군위 분기점
36.2473423,128.4780784,서군위IC
36.0979001,128.6614274,동군위IC
36.0322847,128.8829002,화산 분기점
35.4249642,126.8025466,백양사IC
35.9766946,127.0531637,금마교차로
36.0639662,127.0811808,여산교차로
37.2108720,127.1233948,중리교차로
37.6620847,126.7304887,법곳IC
37.6653296,126.7197813,법곳IC
36.6590199,127.3705616,옥산IC(하이패스)
37.3573371,127.3734462,열미
37.3464145,127.3913100,봉현IC
37.3140058,127.4347463,도암
37.3121632,127.4400201,도암
37.3118493,127.4615758,백사IC
37.3088606,127.4711052,백사
37.3101945,127.4659840,백사
37.3073237,127.4959450,도지
37.3068585,127.4876215,도지
37.2920514,127.5216617,부발
37.2866152,127.5249411,부발
37.2635179,127.5239090,수정
37.2588353,127.5235576,수정
37.2384786,127.5206096,응암
37.1863632,127.4413665,남이천IC
35.2701661,128.9904682,대감분기점
35.2703752,128.9871547,대감분기점
35.2700511,128.9754048,대감분기점
35.2694206,128.9791192,대감분기점
35.2723473,128.9831410,대감분기점
35.2629107,128.9825653,대감분기점
35.2672019,128.9826390,대감분기점
35.3005044,128.7704028,진영
35.2986605,128.7648189,진영
35.2832705,128.7214869,진영분기점
35.2789442,128.7231702,진영분기점
35.8890849,127.0852955,반월 교차로
37.8354235,127.1084061,옥정나들목
35.2705229,128.9995030,김해가야
35.2711835,129.0033318,김해가야
35.3048995,128.8941659,광재
35.3054086,128.8997877,광재
33.2314566,130.2433943,久保田IC
35.6150096,129.2824773,척과구룡IC
36.0976492,128.4529734,구평
36.8676849,127.9220141,괴산 나들목
37.0225953,127.4825662,삼성IC(하이패스)
35.2577391,127.1550925,곡성기차마을휴게소 (논산방향)
35.2596713,127.1479244,곡성기차마을휴게소 (순천방향)
36.1422122,128.3044533,북구미IC(하이패스)
37.0252045,127.0369531,평택고덕IC
37.0261572,127.0304948,평택고덕IC
33.3385464,130.0300465,相知長部田IC
36.9392147,128.9965141,현동교차로
36.9425770,128.9984928,현동교차로
36.9787015,128.9938028,백병교차로
37.0542532,129.0033317,대현교차로
37.7578892,128.0105011,홍천 휴게소 (서울 방향)
33.2168163,130.3133230,空港東IC（仮称）
35.9958757,128.9559477,동영천
35.9925161,128.9602567,동영천
36.4191006,128.6832871,북의성 나들목
36.0557206,126.7805927,동서천분기점
36.6101206,127.5280149,백운교차로
33.3871553,129.9350250,北波多IC
33.2988742,129.9140757,伊万里東府招IC
33.2016725,130.3646540,大川中央IC
37.2380526,127.4220781,호법분기점
37.2348668,127.4308337,호법분기점
36.7877153,127.0508277,아산현충사 나들목
37.0994291,127.1194345,남사진위
33.6114483,130.5819509,城戸IC
37.6324193,126.8201790,토당교차로
37.6485622,126.8262569,주교교차로
33.8641135,130.7432237,陣原ランプ
37.8808396,127.0380719,은현
37.8799863,127.0389107,은현
37.4167778,127.0833526,금토분기점
37.5640518,126.8842555,한강공원입구
37.5700978,126.8737962,한강공원입구
37.3999128,127.0010777,북청계
36.9131466,128.8192008,다덕교차로
36.9149117,128.8113829,다덕교차로
36.7685375,127.1717977,천안분기점
35.2341226,126.8213984,북광산IC
35.2347251,127.0051686,창평IC
35.0139226,127.3779863,승주IC
37.8134988,127.1419126,소흘분기점
35.3989940,126.6813762,남고창IC
33.1704664,130.4232909,三橋IC
33.1787473,130.4173466,柳川東IC
37.3855467,126.8552146,시흥하늘휴게소(브릿지스퀘어)
37.3835245,126.8556676,시흥하늘휴게소(브릿지스퀘어)
37.1778536,127.0982907,동탄분기점
36.8964906,127.1892867,북천안
33.2198146,130.2910758,東与賀IC（仮称）
37.0976916,126.9944100,양감IC
37.0994515,126.9950184,양감IC
37.9092914,127.0293714,동두천
34.9489584,127.8652633,노량교차로
33.9591910,130.9636682,門司港IC
33.9573763,130.9667869,めかりPA(上り)
35.8839617,127.1608165,용진 교차로
35.9000096,127.1282545,전미 교차로
35.9559919,129.3618488,대송
33.2238499,130.2163335,芦刈IC
36.0425599,128.8114126,신녕 나들목
33.3505518,129.7631714,今福IC
33.3550518,129.7430563,調川IC
37.8831750,127.2205097,포천
34.8348467,127.3025725,벌교IC
35.9272965,129.0107119,북안
35.8008520,128.4816067,화원옥포
35.7999370,128.4761109,화원옥포
37.2610268,127.1350579,어정
37.2640028,127.1333926,어정
37.2523025,127.1406203,상하
37.2295643,127.1827197,역동
37.2321124,127.1773500,역동
37.2264018,127.1918588,명지
35.2310314,128.7685422,진례분기점
37.6363587,126.7183810,북변IC
37.4841218,127.4642950,남양평나들목(하이패스)
35.1267729,126.4811184,함평천지 휴게소 (서울 방향)
35.0732144,126.4796166,함평천지 휴게서 (목포 방향)
35.8068713,129.1854016,경주IC
37.4971749,126.6757539,석남
37.4697169,126.6740783,주안산단
37.4807205,126.6746133,방축
35.7563503,128.3676416,고령 분기점
35.7576866,128.3726532,고령 분기점
35.7590090,128.3773275,고령 분기점
36.0588744,128.2677885,남김천IC
36.7048054,128.1114460,문경새재IC
36.7592295,127.9921535,연풍IC
36.9824539,127.8456400,충주 나들목
36.8535068,128.5288315,풍기 나들목
36.9181092,128.3608194,단양 나들목
37.0147127,128.2885460,북단양 나들목
36.1916697,128.3535901,항곡
35.8025408,129.1478828,건천
35.5136700,129.2508300,문수
35.2217977,129.2085089,해운대 나들목
35.2042100,129.2022400,동부산 나들목
37.7084719,127.0573465,상촌IC
37.8791710,127.2175418,포천
37.8407412,127.0912205,양주
35.7122628,129.1909865,활천IC
36.0532027,129.3343030,연화교차로
37.5759580,128.2520471,구두미교차로
37.9614713,127.0567295,하봉암
37.3796353,126.9776279,평촌
35.2555102,126.7973759,남장성JC
35.1843380,126.7471646,남광산JC
35.2280936,126.7921126,남장성IC
35.1889926,128.2237853,진성 나들목
34.9491732,127.8648548,노량교차로
34.9387389,127.8684040,감암교차로
37.5235127,127.4439099,양평
35.1526159,128.8106917,지사교차로
35.1522895,128.8104928,지사교차로
33.6628077,130.4155671,アイランドシティ出口
33.2858436,129.8721564,伊万里中IC（仮称）
33.5620247,130.3187983,
37.1410001,126.8802241,화성휴게소
35.5475120,129.3424903,
35.1924270,126.8691665,동림
35.1847861,126.8822612,서광주
35.1848932,126.8829884,서광주
37.7003378,127.5446265,가평 휴게소 (하행)
37.7039309,127.5455506,가평 휴게소 (상행)
35.1969632,128.8085245,장유
33.6558142,130.4311598,香椎浜JCT
37.4626693,127.0189822,선암
33.5333696,130.4898226,水城出口
33.5318460,130.4977056,太宰府IC
33.5260807,130.4957356,太宰府IC
35.2237203,126.7898023,남장성IC
35.9406491,127.1727068,용진교차로
33.5853586,130.4393314,半道橋ランプ入口
37.3021870,127.0481086,광교IC
37.3129717,127.0199493,조원IC
35.9362834,128.6386287,파군재
37.3075649,126.7291299,시화 나들목
37.0455261,126.9475097,평택휴게소
37.0218274,127.8380813,중앙탑IC(하이패스)
37.0194765,127.8377569,중앙탑하이패스IC
37.2660553,127.1823941,서용인분기점
37.5642414,127.3796079,두물머리
37.3038396,126.7418432,남안산 분기점
37.8314315,126.8781528,법원
35.1428323,128.7752231,진해IC
33.5620150,130.3187512,
37.6363616,126.7307602,한강시네폴리스
37.3836056,126.7893237,
36.1443068,128.2987569,북구미하이패스
35.8070317,127.0316839,서완주분기점
34.7063512,126.7504035,강진분기점
37.8178393,127.1398575,소흘분기점
35.8629171,129.0973084,북건천
37.7335557,127.2005958,부평교차로
36.6037631,127.4365177,석판분기점
35.9646175,129.4516817,금광
37.7418335,127.2057277,광릉교차로
37.6036398,126.8400451,강매IC
37.6046724,126.8305919,행주나루IC
37.6046014,126.8322077,강매IC
37.6193286,126.8049855,능곡IC
37.7124892,127.0391613,호원IC
36.9283894,126.9161183,현덕분기점
36.9328417,126.9207218,현덕분기점
36.9352440,126.9167338,현덕분기점
36.6768849,126.7849699,예산분기점
36.2893256,126.8338248,부여 분기점
36.2530960,126.8411423,부여구룡 나들목
35.2345175,129.1154104,회동교차로
37.1879889,128.3775260,연정교차로
33.1038666,129.7788304,指方IC
37.2701024,127.1209011,상갈
35.8190831,128.5098821,유천
35.4302711,126.8040133,백양사IC
37.7139299,127.1851561,장현IC
37.7308916,127.1073602,
35.8933219,128.7016224,상매분기점
35.9634065,128.5545801,동명동호;동명동호분기점
37.1732809,128.2561282,송학IC
37.1681699,128.3430581,창원교차로
37.1850900,128.4024329,연당교차로
35.9068801,128.4877524,칠곡분기점
35.9074351,128.4906525,칠곡분기점
35.9082100,128.4954441,칠곡분기점
35.9364816,128.6399603,파군재
35.9018741,128.6881680,둔산
35.9005204,128.6928530,둔산
37.1997869,128.6155328,석항교차로
35.9238348,128.6334762,봉무IC
37.2102386,128.8398873,고한교차로
36.0889683,128.4473755,구평교차로
36.1327908,128.4098093,거의
37.5163955,126.9234005,여의중류IC
37.6705859,127.0496264,상계교
37.6432657,127.0563915,녹천교
36.1140296,128.4420814,검성
37.3229465,127.0792498,
37.3226862,127.0795462,
37.5875686,127.0729632,중랑교
35.8905384,128.5945672,성북교지하차도
37.3183485,126.9905497,파장IC
37.8480923,126.9771946,서양주
37.5246001,126.9123300,여의JCT
35.8890415,126.5872569,남북8교차로
35.8706483,126.5898050,남북7교차로
37.6049516,126.8394439,행주산성 분기점
37.6608248,126.8509477,고양분기점
37.6875837,126.8435028,사리현IC
37.7478229,126.7923892,금촌IC
37.5834232,126.8537419,남고양IC
37.8550128,126.7665343,내포
37.6092102,126.8518541,봉대산분기점
37.6345954,126.8487657,흥도
37.6882706,126.8419576,사리현IC
37.7147612,126.7983788,북고양·설문IC
37.7217571,126.7971883,북고양·설문IC
37.7942930,126.7851708,월롱
37.8241205,126.7808345,산단IC
37.5594341,126.8870128,월드컵대교북단
35.8530774,126.6391752,동서4교교차로
35.4989848,129.2633896,울주분기점
35.5016124,129.2544672,울주분기점
35.5066593,129.2541909,울주분기점
35.5206506,129.1039608,서울주분기점
35.5132875,129.1194665,서울주분기점
35.5156329,129.1060668,서울주분기점
35.5085224,129.0994091,서울주분기점
35.5275242,129.0071263,배내골IC
35.5203369,128.7955494,밀양분기점
35.5133933,128.7999289,밀양분기점
35.5161249,128.7963015,밀양분기점
36.7659953,127.1808785,천안분기점
36.8215332,126.9760948,아산 나들목
34.7372853,126.5689310,서호학산IC
37.6747544,126.8540576,고양분기점
33.2033255,130.3540540,大野島IC
36.7668508,128.5722510,영주 나들목
36.9176743,128.3696933,단양 나들목
33.8699774,130.7923234,春の町ランプ
35.2780640,128.9850982,대동분기점
33.1933352,130.2126271,福富北IC
33.1793721,130.2002435,福富IC
33.2007066,130.2143448,芦刈南IC
35.3965937,128.8294225,삼랑진 나들목
37.3699440,126.8691689,조남분기점
37.7379933,127.2023959,부평교차로
37.1843013,126.8731584,팔탄분기점
35.5151754,128.7945609,밀양분기점
37.3209900,127.0852001,
35.8578040,128.4703545,다사
35.8486162,128.4689401,다사
35.8306953,128.4869151,달서
36.6337863,127.5275657,용정교차로
35.9313697,128.5990146,서변
37.1848142,126.7777836,마도분기점
37.1875927,126.7795283,마도분기점
37.1883069,126.7901442,마도나들목
37.1910344,126.9668375,화성분기점
37.1987898,126.9501533,남봉담나들목
37.1940260,126.8797291,팔탄분기점
37.1997687,126.8901022,남비봉나들목
37.1895794,126.8094248,화성나들목
37.1894654,126.8111247,화성나들목
35.9328873,128.5984069,서변
35.8544420,126.6454161,동서4교교차로
35.7045248,128.4372864,북현풍하이패스
37.8456179,127.0834529,양주
37.2397321,127.1601379,
37.2411544,127.1625727,
37.2383173,127.1636747,궁촌
37.2395560,127.1618127,궁촌
34.9766004,126.7734875,남나주
35.9575527,128.5520992,동명동호;동명동호분기점
33.8808644,130.8113405,枝光出口
33.8936039,130.8102952,牧山出入口
36.1643286,128.3624422,송림
36.1855911,128.3547614,항곡
36.1325332,128.4085617,거의
36.1698607,128.3579105,송림
36.2049883,128.3509529,예강
36.2297121,128.3304208,원리교차로
33.0494517,130.4311563,健老IC
37.5641340,127.1564961,강동고덕
37.5736975,127.1462596,남구리
37.5704668,127.1586197,강동고덕나들목
37.6475903,126.8260370,주교교차로
37.3801201,126.7282359,정왕
37.3188097,127.0928636,
37.3198923,127.0888598,
37.3203981,127.0873135,
37.3995175,127.7580116,동양평IC
37.5375824,126.9029313,한강공원입구
36.8261893,127.6135361,광덕교차로
37.4806502,127.1158875,위례IC
37.3917145,127.1931243,광남
33.2125977,130.3392988,諸富IC
33.3482468,129.7232194,松浦IC
33.3479402,129.7686068,今福IC
37.2703101,127.1891783,서용인분기점
37.2694729,127.1876495,서용인분기점
37.3633437,127.0626191,서분당(고기)
37.8124392,127.1467303,소흘분기점
37.7713832,127.2355060,내촌
37.1977968,126.8711527,팔탄분기점
35.1604405,128.7070790,석동
35.1622273,128.7037198,석동
35.1340132,128.7790326,소사교차로
37.2005483,126.9437573,남봉담나들목
37.9928577,128.5306113,서양양IC
36.1666688,128.2656158,김천 분기점
37.2011636,126.9633634,화성분기점
37.1977664,126.9551784,화성분기점
35.2048062,129.0769750,교대교차로
33.2055255,130.3480967,大野島IC
36.1125407,128.4436038,검성
36.2277994,128.3350751,원리교차로
35.7215657,126.6057541,수조교차로
36.1470495,128.3651322,괴평
35.3214474,128.7481048,본산교차로
35.2735314,128.6688155,남산교차로
35.2765149,128.6668489,남산교차로
35.9595170,128.5625587,동명동호IC
35.9320650,128.5307103,지천
36.1480758,128.3645276,괴평
37.2379374,127.1525520,서용인나들목
37.2426050,127.1556697,서용인나들목
37.2789368,127.2078126,포곡나들목
37.2783913,127.2162322,포곡나들목
37.7743641,127.2295662,내촌
35.9756340,128.5509252,동명동호;동명동호분기점
35.8884213,128.4667601,북다사
35.8840084,128.4626194,북다사
35.7300952,126.6062070,남북1교차로
35.8490618,126.5993517,남북6교차로
37.5485215,126.8875372,월드컵대교남단
37.2694958,127.1835493,서용인분기점
37.2088991,127.1393231,동탄나들목
37.2041973,127.1338702,동탄나들목
37.9348976,127.0463483,소요산
36.1072831,129.3821716,영일만교차로
36.1071768,129.3891532,영일만교차로
36.1089298,129.3873357,영일만
37.2853123,127.3224205,도척나들목
37.2876715,127.3284970,도척나들목
36.3801586,129.3452335,영덕분기점
36.3756627,129.3511426,영덕분기점
36.3800110,129.3529875,영덕분기점
36.1990185,129.3626297,북포항
36.2074764,129.3648835,북포항
37.3299233,127.2201669,북용인
37.3354103,127.2198102,북용인
36.0251309,126.9291500,죽촌교차로
36.0221114,126.9243111,죽촌교차로
37.0216965,127.3085362,안성맞춤
35.9403386,127.1744434,용진교차로
33.2752668,129.8496058,伊万里西IC（仮称）
33.2838592,129.8242203,楠久IC（仮称）
35.0767394,126.9701425,중촌IC
36.9507800,126.8916680,포승나들목
36.9658854,126.9641815,안중나들목
36.9717645,126.9654228,안중나들목
36.9550215,126.8845478,포승나들목
33.2921641,129.6334220,江迎鹿町IC
33.2179116,130.3059435,空港西IC（仮称）
33.2298663,130.2630514,佐賀JCT（仮称）
36.3702482,126.5575614,대천 휴게소 (서울 방향)
35.8913503,128.7020100,상매분기점
37.0217570,127.8402838,중앙탑IC(하이패스)
37.1482107,126.8796565,화성휴게소
36.6266696,126.8389818,예산 휴게소 (대전 방향)
36.5488466,126.5811633,홍성 휴게소 (서울 방향)
36.1285153,126.6289185,서천 휴게소 (서울 방향)
36.3777701,126.5561452,대천 휴게소 (목포 방향)
36.2561971,126.7966560,부여백제 휴게소(공주방향)
36.0143853,126.7974863,군산 휴게소 (서울 방향)
37.7589578,128.0005361,홍천 휴게소 (양양 방향)
37.4096237,127.0809037,금토분기점
35.9813531,129.3317615,인주
37.6247314,126.8007439,능곡IC
37.6154043,126.8574237,흥도
37.6732867,126.8401833,왕릉교차로
37.6738583,126.8408536,왕릉교차로
35.2418820,126.5092835,불갑산나들목
35.1811506,128.6978139,성주사IC
35.2554710,128.5136459,내서 분기점
37.2972809,126.7457246,남안산 분기점
35.2946277,128.8157272,한림
37.3122699,127.3513353,곤지암분기점
35.4446223,128.5044102,영산 나들목
35.4516753,128.5048157,영산 나들목
37.2681528,127.1862281,서용인분기점
35.3164568,128.7312134,진영교차로
35.3207843,128.7430908,본산교차로
37.2711954,127.2433615,북용인분기점
36.7673455,127.1900247,천안분기점
37.5901433,127.3352592,조안
35.2489889,128.8403890,대리교차로
35.2756990,128.8606202,삼계교차로
35.2525064,128.8435039,대리교차로
37.3628827,127.2197090,오포(포천)
37.3493224,127.2210241,오포(세종)
37.2267602,127.1041650,기흥
37.6920897,127.3286934,수동
35.4939830,128.6726549,서밀양IC
35.1777680,128.8310210,응달교차로
37.8476395,126.9885598,서양주
36.7664689,127.5728367,금대송정교차로
36.6771629,127.5220295,국동교차로
35.1130398,126.9078264,진월교차로
35.1109062,126.9008842,진월교차로
37.6347517,127.3185405,화도분기점
37.8099135,127.1563853,고모
37.8069271,127.1622939,고모
35.0910931,126.8245441,대촌
37.6892676,127.3290135,수동
35.9447848,127.0870779,익산 분기점
36.7621933,127.1332534,서천안 나들목
37.6547164,127.3268164,달뫼
37.1896737,126.8642644,팔탄분기점
37.3035163,127.3516354,곤지암분기점
36.0427735,126.7854510,동서천IC
37.2368145,127.4256960,호법분기점
36.7601538,127.9903463,연풍IC
36.5278709,128.1722216,북상주IC
36.3703382,128.2393548,낙동분기점
36.4570869,127.7175397,보은IC
36.2363351,128.2624181,선산IC
36.0567814,128.2690750,남김천IC
35.8452885,128.3230663,남성주IC
35.7586038,128.3708472,고령 분기점
35.5472990,128.4756393,창녕IC
37.2936574,127.1033822,신갈분기점
37.2851269,127.1040287,신갈분기점
37.5629983,127.3828075,두물머리
37.4605096,126.4889046,신불
37.0541715,126.8909213,서평택분기점
36.9655118,126.8682398,포승분기점
36.0581620,126.7705852,동서천분기점
36.0585888,126.7718285,동서천분기점
36.0575811,126.7773203,동서천분기점
36.0586608,126.7724728,동서천분기점
36.0602520,126.7707682,동서천분기점
35.8528569,126.8427706,김제분기점
35.6000986,126.6961392,줄포IC
35.5124462,126.6835769,선운산IC
35.1031801,126.4814197,함평 나들목
35.0269176,126.4768704,함평JC
35.0281061,126.4805442,함평JC
35.0255697,126.4875819,함평JC
35.0355565,126.4838939,함평JC
35.0325632,126.4842557,함평JC
35.0295142,126.4864107,함평JC
35.0310240,126.4925701,함평JC
35.0312765,126.4876442,함평JC
35.0301404,126.4857341,함평JC
34.8597344,126.4831532,일로IC
34.8473668,126.4692948,죽림JC
35.3312470,126.8018322,장성분기점
35.3279930,126.8028861,장성분기점
35.3320169,126.8060908,장성분기점
35.3291066,126.8066924,장성분기점
35.2516905,126.9655292,담양분기점
35.2506432,126.9711264,담양분기점
35.2518270,126.9703289,담양분기점
35.2557228,126.9696614,담양분기점
35.2512935,126.9696063,담양분기점
36.6221964,127.1204229,정안
36.6283641,127.1203186,정안
36.4852525,127.0898062,공주분기점
36.4857696,127.0914893,공주분기점
35.8658687,126.5923661,남북7교차로
35.8455996,126.6007053,남북6교차로
35.8427588,126.6016816,남북6교차로
35.8248807,126.6077294,남북5교차로
35.8236859,126.6082888,남북5교차로
35.9262584,126.5879579,남북10교차로
35.9344198,126.5877864,남북10교차로
35.9121774,126.5878840,남북9교차로
35.9037670,126.5880871,남북9교차로
35.8468153,126.6082307,남북6교차로
37.5935270,127.3312185,조안
37.4221970,127.1162821,여수대로IC
35.5930921,127.7759282,북함양분기점
35.5921803,127.7726718,북함양분기점
38.0594869,128.5728514,논화 교차로
36.7890007,127.0441361,아산현충사 나들목
37.6536284,127.2545572,동호평
33.1864136,130.3859557,大川東IC
37.6322106,126.7300718,한강시네폴리스IC
37.6392456,126.7115736,북변IC
35.9062047,128.4902925,칠곡분기점
35.9057243,128.4926392,칠곡분기점
35.9112001,128.4893435,칠곡분기점
35.8886939,128.5257116,금호분기점
35.8928324,128.5290456,금호분기점
35.8952633,128.5244111,금호분기점
35.1283325,126.8385869,
35.9115631,128.6601480,도동분기점
35.8983352,128.8949031,서영천IC
37.7481461,127.1034767,민락교차로
37.7465583,127.1040978,민락교차로
35.2471988,129.0940738,구서
37.4815689,127.4667299,남한강휴게소
37.1767940,128.2551388,송학IC
37.1743345,128.2537468,송학IC
35.5137881,129.2732052,
35.5024221,129.2982261,
35.4937261,129.3117605,
35.4830454,129.3221829,
35.4739799,129.3364486,
37.6081199,126.7787981,신곡
35.4713345,128.5081425,창녕분기점
37.6605947,127.3292288,달뫼
37.6329519,127.3183009,화도분기점
37.5121179,127.0152143,잠원IC
37.1951261,128.8670754,갈래교차로
35.7955959,126.6180486,남북4교차로
35.7912032,126.6196157,남북4교차로
35.7787407,126.6234798,남북3교차로
35.7742091,126.6251133,남북3교차로
35.7439049,126.6205545,남북2교차로
35.7405767,126.6163208,남북2교차로
35.7254182,126.6050814,남북1교차로
37.3409330,126.8647451,안산분기점
35.1572026,126.9391397,두암교차로
37.5006366,127.0196369,반포IC
36.6707278,127.4302292,원평분기점
37.4808359,127.0270374,서초
37.4639505,127.0396428,양재
37.4545740,127.0485857,양재
37.3064815,126.7490204,남안산 분기점
37.6579817,126.8191793,고양
36.7684217,127.1774198,천안분기점
36.7602015,127.1482268,서천안 나들목
37.5143453,127.1668531,서하남분기점
37.6071360,127.0497153,하월곡
37.0141243,128.9784336,넛재교차로
36.9581000,129.0030742,고선교차로
36.9640649,129.0033226,황평교차로
36.9688473,129.0039414,황평교차로
37.0591726,129.0026742,대현교차로
36.5969413,128.6734296,금계교차로
36.5849977,128.7437219,안막교차로
35.9400309,128.5358943,지천
36.6753652,127.5197368,국동교차로
36.6312528,127.5268170,용정교차로
36.8226181,127.6127517,도안교차로
36.8325643,127.6151880,광덕교차로
37.7283012,127.2936077,수동휴게소
37.7303155,127.2926486,수동휴게소
35.0012528,126.6448765,복암IC
34.9757725,126.6808353,동수IC
35.8100025,127.0222226,서완주분기점
35.8031587,127.1967605,전주분기점
35.7982396,127.1959082,전주분기점
35.8398881,126.9211194,북김제
35.8401664,126.9141939,북김제
35.8377898,126.8412459,김제분기점
35.8416438,126.8495634,김제분기점
34.9734317,126.7087574,왕곡IC
34.9752984,126.7285038,부덕IC
35.0101461,126.7676912,신천교차로
35.0359299,126.7778826,금천교차로
35.8439843,126.5948424,남북6교차로
35.1645577,128.6765335,경화IC
35.1654080,128.6828782,경화IC
33.2911697,129.6333002,西九州自動車道 江迎鹿町インター
36.7623352,127.5673611,금대송정교차로
35.3149821,128.7612078,금봉교차로
35.2964812,128.7850596,한림교차로
36.6058274,127.5304789,백운교차로
36.6203364,127.4199583,청주강서
36.6126147,127.4193713,청주강서
36.6280352,127.3825894,청주 나들목
37.6677938,126.8632918,고양분기점
35.2665435,126.8689437,
36.7263545,127.4162480,서오창
36.4940275,129.1237479,동청송영양
35.9361899,127.0962218,익산분기점
37.2478700,127.2508334,용인분기점
37.2510217,127.2550466,용인분기점
37.2561645,127.2508058,용인분기점
37.2488088,127.2576333,용인분기점
37.5684977,127.1529642,강동고덕
37.5139188,127.1606841,서하남분기점
37.5180774,127.1679525,초이
37.5255780,127.1637948,서하남분기점
37.5327608,127.1645231,초이나들목
37.5307631,127.1611004,초이
37.5104186,127.1714010,서하남분기점
37.3954383,127.1916591,광남
37.2775716,127.2502909,북용인분기점
37.2453478,127.2509478,용인분기점
36.9731516,127.3198369,남안성분기점
36.9756110,127.3087227,남안성분기점
37.0703793,127.2962421,고삼하이패스
37.6218124,126.7383047,향산교차로
35.7568650,127.1176904,남전주
35.7570737,127.1133640,남전주
37.5086950,129.1034010,동해IC입구
36.6009262,127.4449774,석판분기점
36.5965278,127.5262346,송암교차로
36.5832945,127.5053595,효촌분기점
36.5858117,127.5124164,효촌분기점
36.5961000,127.5258058,송암교차로
36.6931879,127.5124503,구성교차로
36.6980698,127.4847902,외남교차로
36.6966286,127.4783903,오동분기점
36.6785451,127.4518107,정상분기점
36.6809767,127.4567219,정상분기점
36.6762199,127.4447777,문암공원분기점
36.6741960,127.4356245,원평분기점
36.6517155,127.3873651,청주역분기점
36.6556232,127.3921164,청주역분기점
35.4652312,128.5169370,창녕분기점
35.4569647,128.5061934,창녕분기점
36.9762044,126.8708399,포승분기점
35.3099608,126.7906583,북장성하이패스IC
37.1441543,127.2810989,남용인(원삼)
37.1525620,127.2764451,남용인(원삼)
37.0771339,127.2974294,고삼하이패스
36.9232302,126.9144517,평택호나들목
36.7331057,127.5525616,신기교차로
36.8728619,126.9219061,영인나들목
36.7481539,126.8135945,예산추사고택나들목
36.7513951,126.8181992,예산추사고택나들목
36.6618453,126.7870432,예산분기점
36.6657884,126.7929189,예산분기점
36.6725234,126.7804415,예산분기점
36.4336143,126.7844314,청양나들목
36.9662060,126.8750219,포승분기점
36.6270576,126.7806805,예산예당호 나들목 (하이패스 전용)
36.8709110,126.9220561,영인나들목
36.6321375,126.7813549,예산예당호 나들목 (하이패스 전용)
36.4319432,126.7854610,청양나들목
37.8567220,127.0462830,북양주
36.6756543,126.7767868,예산수덕사 나들목
36.9189619,126.9133170,평택호
36.7593781,126.7067404,고덕 나들목
37.3440444,127.2205718,처인휴게소
37.3383359,127.2202976,처인휴게소
37.0251318,127.3062866,안성맞춤
35.9700916,129.3469345,우복
35.9676954,129.3497480,우복
35.3112274,128.7650778,금봉교차로
36.9338318,127.4746798,대소분기점
35.9394012,127.0937292,익산분기점
35.8076881,127.0238373,서완주분기점
35.8087909,127.0255512,서완주분기점
35.7961836,127.1926606,전주분기점
35.8531387,126.7059728,새만금
35.8456540,126.8416162,김제분기점
35.8059682,127.0257818,서완주분기점
35.8116643,127.0274824,서완주분기점
35.8127780,127.0280537,서완주분기점
35.8759524,127.0462459,대흥 교차로
35.8755671,127.0456391,대흥 교차로
36.9702354,126.9659575,안중나들목
37.8150305,127.1420321,소흘분기점
37.8149721,127.1427668,소흘분기점
35.7420530,127.5321997,
35.4977401,128.6868229,서밀양IC
36.9763376,127.3174469,남안성분기점
37.7112565,127.1800710,장현IC
37.6612637,127.2360692,호평IC
34.8291961,126.3861120,산정교차로
37.9307334,127.0454680,소요산
37.8585010,127.0603893,봉양교차로
37.8594704,127.0590438,봉양교차로
35.8453408,127.1812170,동전주IC 교차로
35.8830342,126.5872442,남북8교차로
37.1058050,127.0773069,진위교차로
37.1013246,127.0771461,진위교차로
37.0105827,127.1226011,소사벌교차로
37.0077258,127.1240787,소사벌교차로
37.0655186,127.0966476,도일교차로
37.0662140,127.0953014,도일교차로
37.0492061,127.1152499,원곡교차로
37.0431823,127.1130390,원곡교차로
33.3451924,129.9245694,南波多谷口IC
37.5564061,126.6231261,북청라
36.5850665,128.6659915,교리교차로
36.6014098,128.6975813,이천동교차로
36.6014104,128.7057204,이천동교차로
36.5885960,128.7389479,안막교차로
36.4226968,127.4183114,상서IC
36.7847660,127.1369491,용곡2교차로
36.5939795,128.6702680,금계교차로
35.8249190,126.8558265,
36.3775240,129.3517004,영덕분기점
37.5662973,127.1478480,강동고덕나들목
35.2103758,128.8383719,명법교차로
35.2065501,128.8352955,명법교차로
36.2798205,129.3644381,남영덕
35.9918692,129.3191033,중명
36.0153857,129.3049486,자명교차로
36.0199391,129.3054368,자명교차로
35.8074139,127.0262955,서완주분기점
36.6885482,127.5288882,묵방리교차로
37.6086151,126.9995011,국민대입구
36.4930812,127.1241202,공주
37.4752273,127.1292082,송파
35.7971397,127.1995299,전주분기점
33.3474901,129.7123300,松浦IC
33.3268722,129.6473599,平戸インターチェンジ
37.5956831,126.7723107,김포
35.1270746,126.8384928,벽진
35.0795241,126.8233704,대촌
35.0254080,126.8223482,동나주
35.0131510,126.8186951,동나주
34.9722132,126.7705909,남나주
34.8801480,126.7510549,금정
33.3297795,129.6485291,平戸IC
36.7706080,127.5890890,내성교차로
36.7742376,127.6030191,용강교차로
36.7766666,127.6073964,용강교차로
36.7881939,127.6242057,방곡IC
36.7898797,127.6248908,방곡IC
36.7926718,127.6247082,방곡IC
36.7904750,127.6244069,방곡IC
36.8049114,127.6198554,도당교차로
36.8068053,127.6192148,도당교차로
36.8105693,127.6173300,도당교차로
36.8069919,127.6185232,도당교차로
35.8655349,128.6124347,동신교지하차도
35.1465755,126.9401844,지산교차로
35.2507028,126.5190569,불갑산나들목
37.5211368,127.0973994,한강공원입구
37.5635301,127.1314520,암사IC
35.8960560,128.8911539,서영천IC
36.0353673,128.4121767,석적IC
37.5117275,127.1504061,서하남
33.2156992,130.3262390,
