macro_var,outcome,n_months,spearman_r,spearman_p,q_fdr
spread_AA_KTB,med_discount,17,-0.9220382338904021,1.428353002159449e-07,1.628322422461772e-05
spread_BBB_KTB,med_discount,17,-0.850307388541314,1.534880790767283e-05,0.0008748820507373513
cci_resi,n_listed,17,-0.6154795799248803,0.008536486024801853,0.3243864689424704
cci_yoy_pct,n_listed,17,-0.5914110429447853,0.012401567556241597,0.35344467535288554
corp_bond_BBB3y,n_listed,17,-0.5567137772326243,0.020277394487375918,0.38955299282676903
base_rate_chg_12m,n_listed,17,-0.5558905649183794,0.020502789096145738,0.38955299282676903
cd_91d,med_discount,17,-0.5418735648595776,0.02464908450562836,0.4014279476630905
corp_bond_AA3y,n_listed,17,-0.5239263803680982,0.030873647687043745,0.4399494795403734
base_rate_chg_12m,med_discount,17,-0.4979122226490492,0.04195582843894415,0.47861217071679235
ktb_3y,n_listed,17,-0.497854170829175,0.04198352374708705,0.47861217071679235
corp_bond_AA3y,med_discount,17,-0.46899947449551743,0.057548816897849346,0.531778123725323
cci_bldg,n_listed,17,-0.4665439798646508,0.05904785452742614,0.531778123725323
nonbank_corp_loan_rate,n_listed,17,0.4469000228177182,0.0721032999176519,0.531778123725323
bank_loan_rate_all,med_discount,17,-0.4462384363086508,0.07257694830063513,0.531778123725323
cci_nonresi,n_listed,17,-0.4410322738383874,0.07638405175460171,0.531778123725323
cci_plant,med_excess,17,0.44076195062951606,0.07658563143108071,0.531778123725323
cci_total,n_listed,17,-0.43243275874961656,0.08298870301206629,0.531778123725323
cci_plant,n_listed,17,-0.43120425659407785,0.08396496690399835,0.531778123725323
cci_civil,n_listed,17,-0.4208588957055215,0.09251866906835711,0.5420556487320489
corp_bond_BBB3y,med_discount,17,-0.41595123335570766,0.09678812370319623,0.5420556487320489
cci_nonresi,med_excess,17,0.41252371980924063,0.09985235634537742,0.5420556487320489
cci_resi,med_discount,17,-0.40381077080316236,0.10795244320033358,0.5593899329471831
bank_facility_loan_rate,rate_bid_reset,16,0.40648011782032395,0.11819745100216528,0.5858482354020367
cci_civil,med_discount,17,-0.3867404043614868,0.1251510620803443,0.5897112471366165
cci_bldg,med_excess,17,0.38036838448457044,0.1320349128731782,0.5897112471366165
cci_total,med_excess,17,0.3781467431584706,0.13449554759256166,0.5897112471366165
nonbank_corp_loan_rate,med_discount,17,-0.36302211302211296,0.15209364383810522,0.6421731628719999
cci_total,med_discount,17,-0.3570990225824008,0.15939390651940893,0.6441633313352475
cci_plant,rate_bid_cut,16,-0.3655122584204905,0.16386611060282613,0.6441633313352475
ktb_3y,med_discount,17,-0.34233154603611343,0.1786176222479302,0.6787469645421348
spread_AA_KTB,med_excess,17,0.3237278352189709,0.20495287777210983,0.7423717134588983
cci_plant,med_discount,17,-0.3171481852883284,0.21484101843924913,0.7423717134588983
bank_facility_loan_rate,rate_bid_cut,16,-0.3254786450662739,0.21864204616871288,0.7423717134588983
cci_yoy_pct,med_discount,17,-0.3069368288583229,0.23078706792997136,0.7423717134588983
cci_civil,med_excess,17,0.29675051561739,0.2474249259879209,0.7423717134588983
base_rate,n_listed,17,0.29126939682187364,0.25668058991007303,0.7423717134588983
cci_total,rate_bid_cut,16,-0.29624179009080087,0.2652416842729978,0.7423717134588983
bank_corp_loan_rate,med_discount,17,-0.2826363253074388,0.27168930807353264,0.7423717134588983
cci_bldg,med_discount,17,-0.2776412776412776,0.2806137257928084,0.7423717134588983
corp_bond_AA3y,rate_bid_cut,16,-0.28718703976435933,0.2808149592198335,0.7423717134588983
cci_yoy_pct,med_excess,17,0.2771306468162403,0.28153596858986496,0.7423717134588983
base_rate,med_excess,17,-0.2712437635627936,0.2923009518939653,0.7423717134588983
corp_bond_BBB3y,rate_bid_cut,16,-0.2796174414099986,0.29424743085781435,0.7423717134588983
spread_BBB_KTB,med_excess,17,0.26470588235294124,0.3045422200057607,0.7423717134588983
cci_nonresi,rate_bid_cut,16,-0.2728616537249525,0.3065527189108057,0.7423717134588983
cci_yoy_pct,rate_reappraisal,16,0.2678440754558934,0.3158846559963728,0.7423717134588983
ktb_3y,med_excess,17,0.2524509803921569,0.32829422956501814,0.7423717134588983
cci_bldg,rate_bid_cut,16,-0.2608696360501082,0.32912755343953026,0.7423717134588983
base_rate,rate_bid_reset,16,0.26071682693979015,0.3294212260489804,0.7423717134588983
cci_nonresi,med_discount,17,-0.25015370428749933,0.3328631373578965,0.7423717134588983
ktb_3y,rate_bid_cut,16,-0.2531273680132619,0.3441959206081651,0.7423717134588983
cci_civil,rate_bid_cut,16,-0.2503681885125184,0.3496588278358556,0.7423717134588983
corp_bond_BBB3y,med_excess,17,0.24019607843137256,0.3530886590520007,0.7423717134588983
bank_corp_loan_rate,med_excess,17,-0.23985403150044246,0.3537955163533785,0.7423717134588983
cd_91d,rate_bid_cut,16,-0.24612141452827194,0.35816179158104744,0.7423717134588983
corp_bond_AA3y,med_excess,17,0.23053345841350958,0.3733636789037551,0.7600617749112157
base_rate,med_discount,17,-0.22521001469639557,0.38480348325760366,0.7696069665152073
cci_resi,med_excess,17,0.21117285656901605,0.41587152236988895,0.8174026474166782
cci_resi,rate_bid_cut,16,-0.20943975583212568,0.43627665630707135,0.8429752342204428
base_rate_chg_12m,rate_bid_cut,16,-0.20004433606793548,0.4575861359884334,0.8479908042068329
base_rate_chg_12m,med_excess,17,0.191655300373696,0.46118440024923435,0.8479908042068329
bank_corp_loan_rate,rate_reappraisal,16,-0.19793399655565572,0.462442698775212,0.8479908042068329
spread_BBB_KTB,n_listed,17,-0.18761499541099452,0.4708622320851691,0.8479908042068329
base_rate,rate_bid_cut,16,0.1911923397558461,0.47812679245311657,0.8479908042068329
bank_loan_rate_all,n_listed,17,-0.18159776785621023,0.48545920383178415,0.8479908042068329
cd_91d,rate_bid_reset,16,0.18108031999827817,0.5021259591710925,0.8479908042068329
corp_bond_BBB3y,rate_bid_reset,16,0.17954383080010436,0.505821320079216,0.8479908042068329
nonbank_corp_loan_rate,rate_reappraisal,16,-0.17820343332103863,0.509055410975598,0.8479908042068329
bank_loan_rate_all,med_excess,17,-0.17037504464696343,0.5132575920199252,0.8479908042068329
bank_loan_rate_all,rate_bid_reset,16,0.16481618617715907,0.5418738948064906,0.8684045867204554
ktb_3y,rate_bid_reset,16,0.16188378186894656,0.5491853378865111,0.8684045867204554
base_rate_chg_12m,rate_bid_reset,16,0.15943383175339218,0.5553267789409921,0.8684045867204554
spread_BBB_KTB,rate_reappraisal,16,0.15882352941176472,0.5568612810855391,0.8684045867204554
cci_yoy_pct,rate_bid_reset,16,0.1561119293078056,0.5637012229588921,0.8684045867204554
bank_loan_rate_all,rate_bid_cut,16,-0.14699822010395266,0.5869492789090387,0.8746736936410806
ktb_3y,rate_reappraisal,16,0.14411764705882352,0.5943782881736934,0.8746736936410806
bank_facility_loan_rate,n_listed,17,-0.1374233128834356,0.5989168125812127,0.8746736936410806
corp_bond_BBB3y,rate_reappraisal,16,0.13529411764705881,0.6173674089706421,0.8746736936410806
bank_facility_loan_rate,med_excess,17,-0.12998163080761713,0.6190305781237273,0.8746736936410806
bank_loan_rate_all,rate_reappraisal,16,-0.13205271023755963,0.6258985028643205,0.8746736936410806
corp_bond_AA3y,rate_bid_reset,16,0.13107511045655376,0.6284802755564538,0.8746736936410806
bank_corp_loan_rate,rate_bid_cut,16,-0.13082129240691937,0.6291512533207773,0.8746736936410806
cd_91d,n_listed,17,-0.10892359253893655,0.6773095162854736,0.9183493007488955
cci_resi,rate_reappraisal,16,0.11053822148894946,0.683611978811015,0.9183493007488955
bank_corp_loan_rate,rate_bid_reset,16,0.11012639869283039,0.6847341277513694,0.9183493007488955
spread_AA_KTB,rate_bid_cut,16,-0.09499263622974963,0.7263830303691711,0.9328145600253254
cd_91d,med_excess,17,0.08979150922837077,0.7318139166672931,0.9328145600253254
spread_AA_KTB,rate_bid_reset,16,-0.09204712812960236,0.7345775530990685,0.9328145600253254
spread_AA_KTB,rate_reappraisal,16,0.09124358614431533,0.7368177484621782,0.9328145600253254
bank_facility_loan_rate,med_discount,17,-0.08348681744946383,0.7500586831839188,0.9328145600253254
nonbank_corp_loan_rate,med_excess,17,-0.08098165605155372,0.7573437310218881,0.9328145600253254
cci_civil,rate_bid_reset,16,0.0780559646539028,0.7738557458231184,0.9328145600253254
cci_plant,rate_reappraisal,16,-0.07363778236406555,0.7863716256543014,0.9328145600253254
cci_yoy_pct,rate_bid_cut,16,-0.06921944035346098,0.7989371868222523,0.9328145600253254
corp_bond_AA3y,rate_reappraisal,16,0.06769685423610493,0.8032782497407668,0.9328145600253254
nonbank_corp_loan_rate,rate_bid_cut,16,-0.0663227888262987,0.8072005002059517,0.9328145600253254
spread_BBB_KTB,rate_bid_reset,16,-0.06475351274757861,0.8116852445615589,0.9328145600253254
cd_91d,rate_reappraisal,16,0.060561894468521525,0.8236908226873304,0.9328145600253254
nonbank_corp_loan_rate,rate_bid_reset,16,-0.06042742981951659,0.8240765762335194,0.9328145600253254
spread_AA_KTB,n_listed,17,0.057055214723926384,0.8278168519802043,0.9328145600253254
base_rate_chg_12m,rate_reappraisal,16,0.058616469402603476,0.8292755230885195,0.9328145600253254
bank_corp_loan_rate,n_listed,17,-0.054769490033702566,0.83462355370687,0.9328145600253254
cci_bldg,rate_reappraisal,16,0.047128180713001955,0.8624029882112928,0.9499998600166911
cci_total,rate_reappraisal,16,-0.04565542506572064,0.8666665389625954,0.9499998600166911
spread_BBB_KTB,rate_bid_cut,16,-0.038263439350841914,0.8881158366818848,0.9510535323632298
cci_nonresi,rate_reappraisal,16,0.03537223087646383,0.8965258820664773,0.9510535323632298
cci_total,rate_bid_reset,16,0.0338983142889971,0.9008172925271851,0.9510535323632298
cci_plant,rate_bid_reset,16,-0.03242447453730158,0.9051110557617739,0.9510535323632298
cci_nonresi,rate_bid_reset,16,-0.030973485017427034,0.9093406581367723,0.9510535323632298
cci_resi,rate_bid_reset,16,0.026548701443508887,0.9222524585850301,0.9557889116244858
base_rate,rate_reappraisal,16,-0.01736833685729687,0.9490960327370411,0.9747472768650692
cci_civil,rate_reappraisal,16,-0.011773365954105204,0.9654827943192481,0.9827235585035204
cci_bldg,rate_bid_reset,16,-0.00442151925508658,0.987033883613434,0.9957686967427565
bank_facility_loan_rate,rate_reappraisal,16,0.0,1.0,1.0
