site_id,month_key,line_id,prev_month,sido,region,biz_class,biz_type,event,value_prev,value_new,pct_change,suspect
S0142A33E,2025-05,0,2025-04,인천광역시,수도권,상업시설,26-기타상업시설,bid_cut,13050.0,11745.0,-0.09999999999999998,
S0142A33E,2026-03,0,2025-11,인천광역시,수도권,상업시설,25-상가,reappraisal,19440.0,19199.557,-0.012368467078189282,
S0142A33E,2026-03,0,2025-11,인천광역시,수도권,상업시설,25-상가,bid_cut,11745.0,9800.0,-0.1656023839931886,
S0217152D,2025-02,0,2025-01,전라남도,지방,숙박시설,41-호텔,bid_cut,60000.0,55150.0,-0.08083333333333331,
S0217152D,2025-08,0,2025-07,전라남도,지방,숙박시설,41-호텔,reappraisal,85567.0,59371.0,-0.30614606098145314,
S0217152D,2026-04,0,2026-03,전라남도,지방,숙박시설,41-호텔,reappraisal,85567.0,59371.0,-0.30614606098145314,
S02E285C7,2025-04,0,2025-03,경상북도,지방,상업시설,26-기타상업시설,reappraisal,3400.0,4754.0,0.398235294117647,
S02E37C4D,2026-04,0,2026-03,경기도,수도권,주거시설,15-타운하우스,bid_cut,9832.760825,4876.0,-0.5041067217253299,
S02E37C4D,2026-05,0,2026-04,경기도,수도권,주거시설,15-타운하우스,bid_reset,4876.0,9832.760825,1.0165629255537323,
S02E37C4D,2026-06,0,2026-05,경기도,수도권,주거시설,15-타운하우스,bid_reset,9832.760825,11513.0,0.17088172944550406,
S030F6D19,2026-05,0,2026-02,충청남도,지방,산업시설,66-물류센터,reappraisal,34788.805,36712.0,0.055282008105768554,
S07631617,2025-11,0,2025-10,울산광역시,지방,주거시설,31-오피스텔,bid_cut,10400.0,8420.0,-0.19038461538461537,
S07631617,2026-05,0,2026-01,울산광역시,지방,주거시설,31-오피스텔,bid_cut,8420.0,7600.0,-0.09738717339667458,
S07631617,2026-06,0,2026-05,울산광역시,지방,주거시설,31-오피스텔,bid_cut,7600.0,6859.0,-0.09750000000000003,
S08DE5D74,2025-07,0,2025-06,대구광역시,지방,주거시설,11-아파트,bid_cut,16200.0,11300.0,-0.30246913580246915,
S0971DF3D,2025-04,0,2025-03,경기도,수도권,주거시설,31-오피스텔,bid_cut,16096.0,15968.0,-0.007952286282306154,
S0971DF3D,2025-05,0,2025-04,경기도,수도권,주거시설,31-오피스텔,bid_cut,15968.0,13263.0,-0.16940130260521047,
S0971DF3D,2025-08,0,2025-06,경기도,수도권,주거시설,16-기타주거시설,reappraisal,21684.0,21816.0,0.006087437742114066,
S0ADB789F,2025-02,0,2025-01,경기도,수도권,주거시설,12-주상복합,bid_cut,20335.3,15034.7,-0.2606600345212512,
S0B1656E8,2025-04,0,2025-03,경기도,수도권,주거시설,14-다세대주택,bid_cut,5000.0,4500.0,-0.09999999999999998,
S0B32AC2A,2025-04,0,2025-03,경기도,수도권,숙박시설,45-기타숙박시설,bid_cut,68903.0,65277.0,-0.05262470429444288,
S0B32AC2A,2026-03,0,2025-05,경기도,수도권,숙박시설,16-기타주거시설,reappraisal,107305.0,108240.0,0.008713480266530071,
S0CD975EF,2025-04,0,2025-03,전라남도,지방,업무시설,31-오피스텔,bid_cut,20500.0,18500.0,-0.09756097560975607,
S0CD975EF,2025-12,0,2025-05,전라남도,지방,숙박시설,41-호텔,reappraisal,30072.0,14470.0,-0.5188214950784783,
S0CD975EF,2026-04,0,2026-03,전라남도,지방,숙박시설,41-호텔,reappraisal,14470.0,25785.0,0.7819626814098135,
S0CD975EF,2026-04,0,2026-03,전라남도,지방,숙박시설,41-호텔,bid_cut,18500.0,12892.0,-0.3031351351351351,
S0D902046,2025-02,0,2025-01,인천광역시,수도권,상업시설,21-근린생활시설,bid_cut,13528.0,13013.0,-0.038069189828503824,
S0DF491F1,2025-12,0,2025-11,경상북도,지방,주거시설,12-주상복합,reappraisal,44495.0,40817.0,-0.08266097314304977,
S0F484014,2025-07,0,2025-06,서울특별시,수도권,주거시설,14-다세대주택,reappraisal,23004.0,12766.0,-0.44505303425491216,
S0F6BBBAC,2025-03,0,2025-01,대구광역시,지방,주거시설,11-아파트,reappraisal,17514.0,18201.0,0.039225762247345086,
S0FD4C0C8,2026-05,0,2026-04,충청남도,지방,주거시설,15-타운하우스,bid_cut,4276.0,1441.0,-0.6630028063610851,
S10337289,2025-07,0,2025-06,경기도,수도권,주거시설,11-아파트,bid_cut,97000.0,94000.0,-0.030927835051546393,
S10337289,2026-05,0,2025-07,경기도,수도권,주거시설,11-아파트,reappraisal,181602.0,183296.0,0.009328091100318181,
S10811092,2025-03,0,2025-02,전라남도,지방,숙박시설,45-기타숙박시설,bid_cut,33300.0,30500.0,-0.08408408408408408,
S10811092,2025-05,0,2025-04,전라남도,지방,숙박시설,45-기타숙박시설,bid_cut,30500.0,27000.0,-0.11475409836065575,
S130B9B09,2026-05,0,2025-08,제주특별자치도,지방,주거시설,15-타운하우스,reappraisal,3114.0,3179.0,0.020873474630699995,
S13731CB5,2025-02,0,2025-01,경기도,수도권,주거시설,15-타운하우스,reappraisal,4694.2105,5581.0,0.1889113195925065,
S13731CB5,2025-07,0,2025-06,경기도,수도권,주거시설,15-타운하우스,reappraisal,5581.0,4732.0,-0.1521232753986741,
S13731CB5,2026-02,0,2026-01,경기도,수도권,주거시설,15-타운하우스,reappraisal,4732.0,4514.0,-0.04606931530008451,
S15259032,2025-08,0,2025-03,인천광역시,수도권,상업시설,26-기타상업시설,reappraisal,168211.0,157597.0,-0.06309932168526433,
S15259032,2025-11,0,2025-10,인천광역시,수도권,상업시설,26-기타상업시설,bid_reset,16804.0,57050.0,2.395024994049036,
S15259032,2026-04,0,2026-03,인천광역시,수도권,상업시설,26-기타상업시설,bid_reset,57050.0,89200.0,0.5635407537248027,
S1682CEAB,2025-04,0,2025-03,울산광역시,지방,주거시설,12-주상복합,bid_cut,35287.0,31680.0,-0.1022189474877434,
S1682CEAB,2025-07,0,2025-06,울산광역시,지방,주거시설,12-주상복합,bid_reset,31680.0,32350.0,0.021148989898989834,
S16E31147,2025-05,0,2025-04,인천광역시,수도권,주거시설,31-오피스텔,bid_cut,27300.0,27000.0,-0.01098901098901095,
S16E31147,2025-06,0,2025-05,인천광역시,수도권,주거시설,31-오피스텔,reappraisal,44597.0,44918.0,0.007197793573558764,
S16E31147,2025-10,0,2025-08,인천광역시,수도권,주거시설,31-오피스텔,bid_cut,27000.0,24324.0,-0.09911111111111115,
S1B48D54E,2025-12,0,2025-06,강원도,지방,주거시설,16-기타주거시설,reappraisal,1202.0,3341.0,1.779534109816972,
S1BF442BD,2025-04,0,2025-03,서울특별시,수도권,주거시설,12-주상복합,bid_cut,110000.0,99000.0,-0.09999999999999998,
S1CCC7A4F,2025-06,0,2025-05,충청남도,지방,주거시설,11-아파트,reappraisal,57630.0,57971.0,0.00591705708832202,
S1CCC7A4F,2025-10,0,2025-08,충청남도,지방,주거시설,11-아파트,bid_cut,44450.0,39500.0,-0.11136107986501687,
S1CCC7A4F,2025-12,0,2025-11,충청남도,지방,주거시설,11-아파트,bid_cut,39500.0,34500.0,-0.12658227848101267,
S1D487202,2025-04,0,2025-03,경기도,수도권,주거시설,16-기타주거시설,bid_cut,5430.0,4890.0,-0.09944751381215466,
S1D487202,2025-08,0,2025-07,경기도,수도권,주거시설,16-기타주거시설,bid_cut,4890.0,4646.0,-0.04989775051124745,
S1E46D22B,2025-08,0,2025-07,충청남도,지방,주거시설,12-주상복합,bid_cut,35700.0,34000.0,-0.04761904761904767,
S1E46D22B,2026-06,0,2026-04,충청남도,지방,주거시설,11-아파트,reappraisal,45110.0,47896.0,0.061760141875415675,
S1F4B1CC0,2025-04,0,2025-03,경상북도,지방,주거시설,16-기타주거시설,bid_reset,28114.0,46402.0,0.6504944155936545,
S1F4B1CC0,2025-07,0,2025-06,경상북도,지방,주거시설,16-기타주거시설,bid_cut,46402.0,46319.0,-0.0017887160036205163,
S1F847112,2025-10,0,2025-08,경기도,수도권,상업시설,21-근린생활시설,bid_cut,6541.0,5444.0,-0.16771135911940072,
S1F847112,2025-11,0,2025-10,경기도,수도권,상업시설,21-근린생활시설,bid_reset,5444.0,6541.0,0.2015062454077885,
S1F847112,2025-12,0,2025-11,경기도,수도권,상업시설,21-근린생활시설,bid_cut,6541.0,5444.0,-0.16771135911940072,
S1FB16284,2025-02,0,2025-01,충청남도,지방,주거시설,11-아파트,reappraisal,43442.93468,45830.0,0.05494714704665071,
S1FB16284,2025-12,0,2025-06,충청남도,지방,주거시설,11-아파트,reappraisal,45830.0,32200.0,-0.29740344752345627,
S216D1864,2025-03,0,2025-02,경기도,수도권,산업시설,66-물류센터,bid_reset,42319.0,47021.0,0.11110848555022557,
S21F01B01,2025-12,0,2025-08,경기도,수도권,주거시설,11-아파트,reappraisal,252789.0,284183.0,0.1241905304423847,
S25DF20E9,2025-02,0,2025-01,경기도,수도권,주거시설,주상복합,bid_cut,5430.0,543.0,-0.9,mag10
S25DF20E9,2025-03,0,2025-02,경기도,수도권,주거시설,12-주상복합,bid_reset,543.0,4890.0,8.005524861878452,mag10_base
S25DF20E9,2026-03,0,2025-05,경기도,수도권,주거시설,12-주상복합,reappraisal,8385.0,9276.82668,0.10635977101967797,
S25DF20E9,2026-03,0,2025-05,경기도,수도권,주거시설,12-주상복합,bid_cut,4890.0,4401.0,-0.09999999999999998,
S27450A1B,2025-02,0,2025-01,인천광역시,수도권,업무시설,31-오피스텔,bid_cut,16400.0,9516.0,-0.41975609756097565,
S296C1212,2025-12,0,2025-08,경상북도,지방,주거시설,11-아파트,bid_cut,41800.0,37016.0,-0.11444976076555025,
S29FD7B4A,2025-02,0,2025-01,대구광역시,지방,기타시설,71-의료시설,bid_cut,15556.8,12900.0,-0.17078062326442456,
S29FD7B4A,2025-04,0,2025-03,대구광역시,지방,기타시설,71-의료시설,bid_cut,12900.0,12500.0,-0.03100775193798455,
S29FD7B4A,2026-02,0,2026-01,대구광역시,지방,기타시설,71-의료시설,reappraisal,20057.0,17578.0,-0.12359774642269528,
S2B56257A,2025-03,0,2025-02,충청남도,지방,상업시설,21-근린생활시설,reappraisal,7700.0,8551.0,0.11051948051948046,
S2BFC21AD,2025-02,0,2025-01,인천광역시,수도권,상업시설,기타시설,bid_reset,2160.0,2445.0,0.13194444444444442,
S2BFC21AD,2025-03,0,2025-02,인천광역시,수도권,상업시설,76-기타시설,bid_cut,2445.0,2160.0,-0.1165644171779141,
S2BFC21AD,2025-04,0,2025-03,인천광역시,수도권,상업시설,76-기타시설,bid_cut,2160.0,1954.0,-0.09537037037037033,
S2BFC21AD,2025-07,0,2025-06,인천광역시,수도권,상업시설,76-기타시설,bid_cut,1954.0,1768.0,-0.09518935516888438,
S2BFC21AD,2025-10,0,2025-08,인천광역시,수도권,상업시설,76-기타시설,bid_cut,1768.0,1412.0,-0.20135746606334837,
S2BFC21AD,2026-01,0,2025-12,인천광역시,수도권,상업시설,76-기타시설,bid_cut,1412.0,1259.0,-0.10835694050991507,
S2BFC21AD,2026-04,0,2026-03,인천광역시,수도권,상업시설,76-기타시설,bid_cut,1259.0,1134.0,-0.09928514694201751,
S2BFC21AD,2026-05,0,2026-04,인천광역시,수도권,상업시설,76-기타시설,bid_cut,1134.0,1011.0,-0.10846560846560849,
S2C2C2F80,2025-04,0,2025-03,충청남도,지방,주거시설,12-주상복합,bid_cut,9939.0,8052.0,-0.18985813462118928,
S2CCA842E,2026-06,0,2026-05,서울특별시,수도권,주거시설,16-기타주거시설,bid_cut,12484.0,3500.0,-0.7196411406600449,
S2CF30C9B,2025-05,0,2025-01,경기도,수도권,주거시설,11-아파트,bid_cut,54153.0,35204.0,-0.34991597880080516,
S2FD6996C,2026-04,0,2026-03,충청남도,지방,기타시설,76-기타시설,bid_cut,607.0,427.0,-0.2965403624382208,
S30E9E255,2025-08,0,2025-07,대구광역시,지방,주거시설,12-주상복합,bid_cut,21200.0,19000.0,-0.10377358490566035,
S30E9E255,2025-10,0,2025-08,대구광역시,지방,주거시설,12-주상복합,bid_cut,19000.0,17000.0,-0.10526315789473684,
S31373BDD,2025-04,0,2025-03,경상북도,지방,주거시설,12-주상복합,bid_cut,34648.0,19800.0,-0.42853844377741857,
S31AD2393,2025-03,0,2025-02,경상북도,지방,레져시설,51-골프장,bid_reset,7719.0,10518.0,0.3626117372716673,
S3306A195,2025-08,0,2025-07,강원도,지방,상업시설,12-주상복합,reappraisal,12614.0,20712.0,0.6419850959251625,
S3312CC66,2025-08,0,2025-07,경기도,수도권,업무시설,31-오피스텔,reappraisal,19556.0,25952.0,0.32706074861934953,
S33154434,2026-02,0,2026-01,경기도,수도권,주거시설,12-주상복합,bid_cut,4560.0,4423.0,-0.030043859649122817,
S34915D85,2026-02,0,2026-01,부산광역시,지방,주거시설,11-아파트,reappraisal,43452.0,10790.286,-0.751673432753383,
S3492273E,2025-02,0,2025-01,경기도,수도권,숙박시설,호텔,bid_cut,5398.904,5383.0,-0.002945783070045449,
S3492273E,2025-03,0,2025-02,경기도,수도권,숙박시설,41-호텔,bid_cut,5383.0,2638.0,-0.5099386958944827,
S3492273E,2025-04,0,2025-03,경기도,수도권,숙박시설,41-호텔,bid_cut,2638.0,1846.0,-0.3002274450341168,
S3492273E,2025-07,0,2025-06,경기도,수도권,숙박시설,41-호텔,bid_cut,1846.0,1293.0,-0.29956663055254606,
S34C4A9C1,2025-02,0,2025-01,경상남도,지방,숙박시설,43-리조트,reappraisal,16562.63225,10003.0,-0.3960501055017991,
S3519BD04,2026-02,0,2025-12,경기도,수도권,기타시설,66-물류센터,bid_reset,9900.0,18010.0,0.8191919191919192,
S3519BD04,2026-03,0,2026-02,경기도,수도권,기타시설,66-물류센터,bid_cut,18010.0,9000.0,-0.5002776235424764,
S3625C96E,2025-04,0,2025-03,인천광역시,수도권,숙박시설,45-기타숙박시설,reappraisal,31884.0,20829.0,-0.3467256304102371,
S3780216A,2025-04,0,2025-03,인천광역시,수도권,업무시설,32-오피스빌딩,bid_cut,127562.0,114805.0,-0.10000627146015273,
S37DA0FE1,2026-03,0,2026-02,충청남도,지방,산업시설,62-아파트형공장,bid_cut,34032.0,30628.0,-0.10002350728725906,
S388BB614,2025-04,0,2025-03,부산광역시,지방,주거시설,16-기타주거시설,bid_cut,3670.0,3486.0,-0.05013623978201631,
S394FCFCA,2026-05,0,2026-04,울산광역시,지방,주거시설,11-아파트,reappraisal,55345.0,52238.0,-0.05613876592284761,
S394FCFCA,2026-05,0,2026-04,울산광역시,지방,주거시설,11-아파트,bid_cut,39342.0,35408.0,-0.0999949163743582,
S3A67D635,2025-12,0,2025-10,제주특별자치도,지방,주거시설,15-타운하우스,reappraisal,7708.0,8306.0,0.07758173326414108,
S3A67D635,2026-01,0,2025-12,제주특별자치도,지방,주거시설,15-타운하우스,bid_cut,8306.0,5814.0,-0.30002407897905126,
S3A67D635,2026-06,0,2026-05,제주특별자치도,지방,주거시설,15-타운하우스,bid_cut,5814.0,4070.0,-0.2999656002751978,
S3A7CFA7A,2025-05,0,2025-04,경기도,수도권,산업시설,66-물류센터,bid_cut,4460.0,4014.0,-0.09999999999999998,
S3A7CFA7A,2025-12,0,2025-08,경기도,수도권,기타시설,66-물류센터,bid_cut,4014.0,3700.0,-0.07822620827105131,
S3AB8DBB6,2026-05,0,2026-04,경기도,수도권,주거시설,11-아파트,reappraisal,15163.0,8473.0,-0.44120556618083495,
S3DAA7EB3,2026-02,0,2026-01,부산광역시,지방,숙박시설,45-기타숙박시설,reappraisal,13550.0,9502.0,-0.2987453874538746,
S3DAA7EB3,2026-02,0,2026-01,부산광역시,지방,숙박시설,45-기타숙박시설,bid_cut,8397.0,4545.0,-0.4587352625937835,
S3DAA7EB3,2026-05,0,2026-04,부산광역시,지방,숙박시설,45-기타숙박시설,reappraisal,9502.0,13550.0,0.4260155756682804,
S3DAA7EB3,2026-05,0,2026-04,부산광역시,지방,숙박시설,45-기타숙박시설,bid_reset,4545.0,8397.0,0.8475247524752476,
S3EDAE54C,2025-07,0,2025-06,경기도,수도권,산업시설,62-아파트형공장,reappraisal,46420.0,56662.0,0.22063765618267994,
S401AB6DB,2025-10,0,2025-08,전라남도,지방,주거시설,11-아파트,bid_cut,40811.0,24500.0,-0.3996716571512582,
S40DA32FF,2025-03,0,2025-02,전라북도,지방,상업시설,21-근린생활시설,bid_reset,913.0,3654.0,3.002190580503833,
S41549F93,2025-08,0,2025-07,경기도,수도권,주거시설,16-기타주거시설,reappraisal,4580.0,45800.0,9.0,mag10
S41549F93,2025-08,0,2025-07,경기도,수도권,주거시설,16-기타주거시설,bid_reset,2955.0,29550.0,9.0,mag10
S44E3A048,2025-02,0,2025-01,전라남도,지방,주거시설,11-아파트,bid_cut,3718.83,2975.064,-0.20000000000000007,
S44E3A048,2025-03,0,2025-02,전라남도,지방,주거시설,11-아파트,bid_cut,2975.064,2380.0,-0.20001720971380776,
S44E3A048,2025-05,0,2025-04,전라남도,지방,주거시설,11-아파트,bid_cut,2380.0,1904.0,-0.19999999999999996,
S44E3A048,2025-06,0,2025-05,전라남도,지방,주거시설,11-아파트,bid_cut,1904.0,1523.0,-0.20010504201680668,
S462CCA2F,2025-04,0,2025-03,대구광역시,지방,주거시설,11-아파트,reappraisal,107002.0,108312.0,0.01224276181753603,
S462CCA2F,2025-07,0,2025-06,대구광역시,지방,주거시설,12-주상복합,bid_cut,49294.0,43333.0,-0.12092749624700772,
S462CCA2F,2025-08,0,2025-07,대구광역시,지방,주거시설,12-주상복합,bid_cut,43333.0,37017.0,-0.14575496734590265,
S46BBE2A2,2025-10,0,2025-08,제주특별자치도,지방,숙박시설,12-주상복합,reappraisal,24936.0,27136.0,0.08822585819698436,
S46BBE2A2,2025-10,0,2025-08,제주특별자치도,지방,숙박시설,12-주상복합,bid_cut,16500.0,16000.0,-0.030303030303030276,
S47FCEEE0,2025-03,0,2025-02,전라남도,지방,주거시설,12-주상복합,bid_reset,22461.0,34234.0,0.524152976269979,
S48F17253,2025-10,0,2025-08,제주특별자치도,지방,주거시설,11-아파트,bid_cut,11500.0,10350.0,-0.09999999999999998,
S48F17253,2026-01,0,2025-12,제주특별자치도,지방,주거시설,11-아파트,bid_cut,10350.0,9200.0,-0.11111111111111116,
S48F17253,2026-05,0,2026-04,제주특별자치도,지방,숙박시설,12-주상복합,reappraisal,16736.0,27136.0,0.621414913957935,
S4A4DE53A,2025-02,0,2025-01,제주특별자치도,지방,주거시설,15-타운하우스,reappraisal,2220.0,2280.442,0.027226126126126182,
S4B47A1F9,2025-07,0,2025-06,서울특별시,수도권,상업시설,21-근린생활시설,reappraisal,84007.0,84950.0,0.011225255038270543,
S4B47A1F9,2026-05,0,2025-08,서울특별시,수도권,상업시설,21-근린생활시설,reappraisal,84950.0,80640.0,-0.050735726898175404,
S4BE3B6ED,2025-04,0,2025-03,경기도,수도권,주거시설,11-아파트,bid_cut,5979.0,4876.0,-0.1844790098678709,
S4BEEBE72,2026-05,0,2026-04,경기도,수도권,주거시설,11-아파트,reappraisal,46573.0,3117.0,-0.933072810426642,reversal_next
S4BEEBE72,2026-05,0,2026-04,경기도,수도권,주거시설,11-아파트,bid_cut,34328.0,3117.0,-0.9091994872989979,
S4BEEBE72,2026-06,0,2026-05,경기도,수도권,주거시설,11-아파트,reappraisal,3117.0,46573.0,13.941610522938722,reversal_back
S4BEEBE72,2026-06,0,2026-05,경기도,수도권,주거시설,11-아파트,bid_reset,3117.0,34328.0,10.013153673403915,
S4E510512,2025-12,0,2025-11,강원도,지방,숙박시설,45-기타숙박시설,bid_reset,14600.0,17000.0,0.1643835616438356,
S4E510512,2026-02,0,2026-01,강원도,지방,숙박시설,45-기타숙박시설,bid_cut,17000.0,14600.0,-0.14117647058823535,
S4E510512,2026-03,0,2026-02,강원도,지방,숙박시설,45-기타숙박시설,bid_reset,14600.0,23500.0,0.6095890410958904,
S5486BF91,2025-03,0,2025-02,충청남도,지방,상업시설,21-근린생활시설,bid_reset,8342.0,13864.0,0.6619515703668184,
S549C5C5D,2025-10,0,2025-08,경기도,수도권,주거시설,12-주상복합,reappraisal,10882.0,18759.0,0.7238559088402867,
S54A0D50E,2026-05,0,2026-04,세종특별자치시,지방,주거시설,16-기타주거시설,reappraisal,13505.0,13736.0,0.017104776008885603,
S550D0D46,2025-04,0,2025-03,서울특별시,수도권,업무시설,32-오피스빌딩,bid_cut,63942.0,36316.725,-0.4320364549122643,
S55F5F23A,2025-02,0,2025-01,경기도,수도권,업무시설,오피스텔,bid_reset,9058.400714,9692.0,0.06994604301626395,
S5722BA55,2025-03,0,2025-02,경기도,수도권,주거시설,13-연립주택,bid_cut,6156.0,5540.0,-0.10006497725795971,
S5722BA55,2025-12,0,2025-05,경기도,수도권,주거시설,13-연립주택,bid_reset,5540.0,12536.0,1.2628158844765345,
S5722BA55,2026-04,0,2026-01,경기도,수도권,주거시설,13-연립주택,bid_cut,12536.0,5540.0,-0.5580727504786216,
S5A2B1E84,2026-03,0,2025-08,충청남도,지방,산업시설,66-물류센터,reappraisal,9017.0,15059.0,0.6700676499944549,
S5B438CB8,2025-07,0,2025-03,충청남도,지방,주거시설,13-연립주택,reappraisal,5720.0,5400.0,-0.05594405594405594,
S5BAABD04,2025-08,0,2025-01,경기도,수도권,주거시설,11-아파트,reappraisal,2108.0,545.0,-0.74146110056926,
S5D01398D,2025-02,0,2025-01,충청북도,지방,산업시설,67-기타산업시설,reappraisal,20544.216,11672.8,-0.43182061559321616,
S5D431712,2026-04,0,2026-03,대전광역시,지방,주거시설,12-주상복합,bid_cut,50275.2,47007.3,-0.0650002386862707,
S5D431712,2026-05,0,2026-04,대전광역시,지방,주거시설,12-주상복합,bid_cut,47007.3,43032.6,-0.08455495210318409,
S646E9B5F,2025-12,0,2025-11,경기도,수도권,상업시설,66-물류센터,reappraisal,98619.0,96300.0,-0.0235147385392267,
S646E9B5F,2026-03,0,2026-02,경기도,수도권,상업시설,66-물류센터,reappraisal,96300.0,98619.0,0.024080996884735306,
S648ACBB0,2025-08,0,2025-04,인천광역시,수도권,산업시설,66-물류센터,bid_reset,7737.635,25853.7,2.3412922682447546,
S64F21DFB,2025-07,0,2025-06,충청남도,지방,상업시설,23-대형마트,bid_cut,63543.0,50000.0,-0.21313126544229888,
S64F21DFB,2025-08,0,2025-07,충청남도,지방,상업시설,23-대형마트,bid_cut,50000.0,45000.0,-0.09999999999999998,
S6633AC5C,2025-03,0,2025-02,경상남도,지방,주거시설,11-아파트,bid_reset,11100.0,16129.0,0.453063063063063,
S6633AC5C,2025-04,0,2025-03,경상남도,지방,주거시설,11-아파트,bid_cut,16129.0,11100.0,-0.3117986235972472,
S6705EA92,2025-04,0,2025-03,경기도,수도권,산업시설,66-물류센터,bid_cut,34625.0,25000.0,-0.27797833935018046,
S693C630B,2025-12,0,2025-06,인천광역시,수도권,상업시설,21-근린생활시설,reappraisal,57671.0,33917.0,-0.4118881240138025,
S693C630B,2026-02,0,2026-01,인천광역시,수도권,상업시설,21-근린생활시설,reappraisal,33917.0,33583.0,-0.009847569065660311,
S693C630B,2026-02,0,2026-01,인천광역시,수도권,상업시설,21-근린생활시설,bid_reset,11599.0,16455.0,0.4186567807569619,
S6ACAE164,2025-02,0,2025-01,경기도,수도권,주거시설,15-타운하우스,bid_cut,6800.0,6300.0,-0.07352941176470584,
S70983641,2026-03,0,2026-02,제주특별자치도,지방,주거시설,18-기타주거시설,bid_cut,926.0,648.0,-0.3002159827213823,
S70FC96EC,2025-04,0,2025-03,충청북도,지방,주거시설,12-주상복합,reappraisal,2690.0,2967.0,0.10297397769516725,
S71494D22,2025-07,0,2025-06,대전광역시,지방,업무시설,31-오피스텔,reappraisal,50052.26194,45006.21954,-0.10081547175727901,
S71494D22,2026-05,0,2026-04,대전광역시,지방,업무시설,31-오피스텔,bid_cut,28000.0,23000.0,-0.1785714285714286,
S71580A3F,2025-10,0,2025-08,경기도,수도권,숙박시설,44-펜션,reappraisal,4388.0,4252.0,-0.030993618960802216,
S71687E6F,2025-03,0,2025-02,경상남도,지방,주거시설,12-주상복합,bid_cut,200000.0,20000.0,-0.9,mag10
S73FDC11C,2025-05,0,2025-04,전라북도,지방,상업시설,21-근린생활시설,reappraisal,5917.0,5584.0,-0.05627851952002705,
S73FDC11C,2025-07,0,2025-06,전라북도,지방,상업시설,21-근린생활시설,bid_cut,4530.0,4300.0,-0.050772626931567366,
S75F5FE52,2025-04,0,2025-03,충청남도,지방,주거시설,11-아파트,reappraisal,17055.0,18208.0,0.0676048079742011,
S76D8C9CD,2025-11,0,2025-05,서울특별시,수도권,주거시설,11-아파트,bid_reset,63389.0,68902.0,0.08697092555490693,
S76D8C9CD,2026-03,0,2025-11,서울특별시,수도권,주거시설,13-연립주택,bid_cut,68902.0,57050.0,-0.17201242344199008,
S76D8C9CD,2026-05,0,2026-04,서울특별시,수도권,주거시설,13-연립주택,bid_cut,57050.0,3915.0,-0.9313759859772129,
S76D8C9CD,2026-06,0,2026-05,서울특별시,수도권,주거시설,13-연립주택,bid_cut,3915.0,3132.0,-0.19999999999999996,
S76E223E7,2025-03,0,2025-02,충청남도,지방,주거시설,11-아파트,reappraisal,48193.0,51284.0,0.0641379453447597,
S76E223E7,2026-02,0,2026-01,충청남도,지방,주거시설,11-아파트,bid_cut,48100.0,44039.0,-0.08442827442827439,
S79663507,2026-02,0,2026-01,대전광역시,지방,주거시설,11-아파트,bid_cut,612.0,495.0,-0.19117647058823528,
S7ADD65B4,2025-04,0,2025-03,경기도,수도권,주거시설,15-타운하우스,reappraisal,69746.0,7349.0,-0.8946319502193674,
S7B5B873C,2025-07,0,2025-06,경기도,수도권,상업시설,21-근린생활시설,bid_cut,8993.0,8301.0,-0.0769487379072612,
S7B5B873C,2025-08,0,2025-07,경기도,수도권,상업시설,21-근린생활시설,reappraisal,9793.0,12652.0,0.2919432247523741,
S7B5B873C,2025-08,0,2025-07,경기도,수도권,상업시설,21-근린생활시설,bid_reset,8301.0,45887.0,4.527888206240212,
S7B93A15E,2025-08,0,2025-07,부산광역시,지방,기타시설,기타시설,bid_cut,4730.0,4257.0,-0.09999999999999998,
S7B93A15E,2026-02,0,2026-01,부산광역시,지방,기타시설,기타시설,bid_cut,4257.0,3831.0,-0.1000704721634954,
S7BCF3A8A,2025-02,0,2025-01,경기도,수도권,기타시설,72-교육시설,bid_cut,6570.1,4346.0,-0.3385184395975709,
S7BCF3A8A,2025-07,0,2025-06,경기도,수도권,기타시설,72-교육시설,bid_reset,4346.0,7196.0,0.6557754256787851,
S7BCF3A8A,2026-04,0,2026-03,경기도,수도권,기타시설,72-교육시설,bid_cut,7196.0,1188.0,-0.8349082823790995,
S7BCF3A8A,2026-06,0,2026-05,경기도,수도권,기타시설,72-교육시설,reappraisal,11004.0,11877.0,0.0793347873500545,
S7ED0967E,2025-05,0,2025-04,세종특별자치시,지방,상업시설,21-근린생활시설,bid_cut,4050.0,3550.0,-0.12345679012345678,
S7ED0967E,2025-07,0,2025-06,세종특별자치시,지방,상업시설,21-근린생활시설,reappraisal,7600.0,7501.0,-0.013026315789473664,
S7FB537F4,2025-03,0,2025-02,충청남도,지방,주거시설,16-기타주거시설,reappraisal,20541.0,20739.0,0.009639258069227497,
S7FD91CAD,2025-02,0,2025-01,경기도,수도권,주거시설,31-오피스텔,reappraisal,30103.713,47800.0,0.5878439978483718,
S7FD91CAD,2025-03,0,2025-02,경기도,수도권,주거시설,31-오피스텔,bid_reset,18726.0,34648.0,0.8502616682687172,
S7FD91CAD,2025-12,0,2025-11,경기도,수도권,주거시설,31-오피스텔,reappraisal,47800.0,30103.0,-0.3702301255230126,
S7FD91CAD,2025-12,0,2025-11,경기도,수도권,주거시설,31-오피스텔,bid_cut,34648.0,18726.0,-0.4595359039482798,
S7FD91CAD,2026-02,0,2026-01,경기도,수도권,주거시설,31-오피스텔,bid_cut,18726.0,16552.0,-0.11609526861048813,
S802F23A4,2025-03,0,2025-02,전라남도,지방,주거시설,12-주상복합,bid_reset,4800.0,5500.0,0.14583333333333326,
S802F23A4,2025-04,0,2025-03,전라남도,지방,주거시설,12-주상복합,bid_cut,5500.0,4800.0,-0.12727272727272732,
S802F23A4,2025-12,0,2025-11,전라남도,지방,주거시설,12-주상복합,bid_cut,4800.0,4600.0,-0.04166666666666663,
S8071D976,2025-02,0,2025-01,울산광역시,지방,주거시설,31-오피스텔,reappraisal,46627.21678,45635.0,-0.021279777102749975,
S8071D976,2025-02,0,2025-01,울산광역시,지방,주거시설,31-오피스텔,bid_cut,40356.130496,30796.0,-0.23689413178370944,
S8071D976,2025-08,0,2025-07,울산광역시,지방,주거시설,31-오피스텔,bid_cut,30796.0,28895.0,-0.06172879594752567,
S807AC5DF,2025-02,0,2025-01,인천광역시,수도권,상업시설,21-근린생활시설,reappraisal,22955.0,21826.0,-0.04918318449139625,
S80F0D4BB,2025-07,0,2025-06,서울특별시,수도권,주거시설,12-주상복합,bid_reset,74492.0,77083.0,0.034782258497556784,
S81B561BC,2026-04,0,2026-01,경기도,수도권,주거시설,13-연립주택,reappraisal,38000.0,38509.656,0.01341199999999998,
S81B561BC,2026-04,0,2026-01,경기도,수도권,주거시설,13-연립주택,bid_cut,37899.0,30698.5,-0.18999182036465345,
S823494DF,2025-10,0,2025-08,제주특별자치도,지방,주거시설,15-타운하우스,bid_cut,4206.0,2061.0,-0.5099857346647646,
S833FBE00,2025-10,0,2025-08,부산광역시,지방,주거시설,11-아파트,reappraisal,8110.0,8473.0,0.04475955610357585,
S833FBE00,2026-02,0,2026-01,부산광역시,지방,주거시설,11-아파트,bid_cut,6310.0,5700.0,-0.0966719492868463,
S833FBE00,2026-05,0,2026-04,부산광역시,지방,주거시설,11-아파트,reappraisal,8473.0,16736.0,0.9752153900625515,
S833FBE00,2026-06,0,2026-05,부산광역시,지방,주거시설,11-아파트,bid_cut,5700.0,5130.0,-0.09999999999999998,
S8347934C,2026-03,0,2026-01,경기도,수도권,주거시설,11-아파트,bid_cut,32002.0,28882.0,-0.09749390663083557,
S859CF593,2025-12,0,2025-05,대구광역시,지방,상업시설,21-근린생활시설,bid_reset,51600.0,516000.0,9.0,mag10
S859CF593,2026-04,0,2026-03,대구광역시,지방,상업시설,21-근린생활시설,bid_cut,516000.0,4126.0,-0.9920038759689922,
S85DB4362,2025-03,0,2025-02,전라남도,지방,주거시설,13-연립주택,bid_reset,6459.0,13500.0,1.0901068276823036,
S86AC06EA,2025-08,0,2025-07,인천광역시,수도권,주거시설,21-근린생활시설,reappraisal,33900.0,33583.0,-0.009351032448377539,
S8799E1AA,2025-02,0,2025-01,경기도,수도권,상업시설,25-상가,bid_reset,3800.0,4559.0,0.1997368421052632,
S87BCABB1,2025-07,0,2025-06,경기도,수도권,주거시설,11-아파트,bid_cut,599.0,289.0,-0.5175292153589315,
S88E0ABC2,2025-06,0,2025-05,서울특별시,수도권,주거시설,12-주상복합,reappraisal,23031.393,17543.0,-0.23830052311642635,
S896EAC7F,2025-04,0,2025-03,서울특별시,수도권,주거시설,16-기타주거시설,bid_cut,2270.0,1966.0,-0.13392070484581498,
S899E96A9,2025-12,0,2025-07,대구광역시,지방,주거시설,12-주상복합,reappraisal,33509.33977,46008.0,0.372990345849479,
S8A488F65,2025-04,0,2025-03,서울특별시,수도권,주거시설,11-아파트,bid_cut,1600.0,1590.0,-0.006249999999999978,
S8ADCD718,2025-07,0,2025-06,제주특별자치도,지방,주거시설,15-타운하우스,reappraisal,32009.0,36463.0,0.13914836452247803,
S8ADCD718,2026-02,0,2026-01,제주특별자치도,지방,주거시설,15-타운하우스,bid_reset,18720.0,24202.0,0.2928418803418804,
S8BF5F06F,2026-05,0,2026-04,경기도,수도권,주거시설,15-타운하우스,reappraisal,11762.0,14297.0,0.21552457065124986,
S8BF5F06F,2026-05,0,2026-04,경기도,수도권,주거시설,15-타운하우스,bid_reset,6188.0,9053.0,0.4629928894634776,
S8C87574D,2025-04,0,2025-03,경기도,수도권,주거시설,11-아파트,reappraisal,22237.0,18656.0,-0.16103790978998966,
S8C87574D,2025-04,0,2025-03,경기도,수도권,주거시설,11-아파트,bid_cut,15283.0,13500.0,-0.1166655761303409,
S8CC3E24B,2026-05,0,2025-04,경상북도,지방,주거시설,16-기타주거시설,bid_cut,41800.0,34400.0,-0.17703349282296654,
S8F24B93D,2026-03,0,2026-02,인천광역시,수도권,업무시설,31-오피스텔,reappraisal,42761.0,32157.0,-0.2479829751408994,
S8F24B93D,2026-03,0,2026-02,인천광역시,수도권,업무시설,31-오피스텔,bid_cut,20160.0,18310.0,-0.09176587301587302,
S8F445778,2025-02,0,2025-01,경기도,수도권,주거시설,15-타운하우스,reappraisal,6827.8563,9822.0,0.43851885107775335,
S924C3837,2025-12,0,2025-11,경기도,수도권,주거시설,12-주상복합,bid_cut,7185.8,5099.9,-0.29028083164017926,
S924C3837,2026-04,0,2026-03,경기도,수도권,주거시설,12-주상복합,reappraisal,11752.0,9551.0,-0.18728727025187197,
S92754760,2025-10,0,2025-08,제주특별자치도,지방,주거시설,15-타운하우스,bid_reset,1415.0,2888.0,1.0409893992932862,
S9357F055,2025-02,0,2025-01,인천광역시,수도권,주거지역,16-기타주거시설,bid_cut,625.7,357.0,-0.42943902828831715,
S95AB5C20,2025-08,0,2025-07,부산광역시,지방,업무시설,31-오피스텔,bid_reset,4994.6,45706.0,8.151083169823409,
S95AB5C20,2026-02,0,2026-01,부산광역시,지방,업무시설,31-오피스텔,bid_cut,45706.0,4994.0,-0.890736445980834,
S95E6B733,2025-08,0,2025-07,부산광역시,지방,업무시설,21-근린생활시설,reappraisal,16030.0,17132.0,0.06874610106051149,
S9637D1A5,2025-10,0,2025-08,부산광역시,지방,주거시설,16-기타주거시설,bid_cut,4255.0,3829.0,-0.10011750881316095,
S9637D1A5,2025-12,0,2025-11,부산광역시,지방,주거시설,16-기타주거시설,bid_cut,3829.0,3447.0,-0.09976495168451294,
S96AA97D3,2025-03,0,2025-02,전라남도,지방,숙박시설,45-기타숙박시설,bid_cut,18077.0,17000.0,-0.059578469878851625,
S971D3942,2025-02,0,2025-01,경상북도,지방,주거시설,11-아파트,bid_cut,19039.59,18800.0,-0.012583779377602133,
S97550927,2026-04,0,2026-03,경기도,수도권,주거시설,11-아파트,reappraisal,80367.0,75572.0,-0.05966379235258257,
S97DFA8E7,2025-05,0,2025-04,울산광역시,지방,주거시설,11-아파트,bid_cut,44000.0,43900.0,-0.002272727272727315,
S97DFA8E7,2025-10,0,2025-08,울산광역시,지방,주거시설,11-아파트,bid_cut,43900.0,42000.0,-0.0432801822323462,
S97DFA8E7,2025-12,0,2025-11,울산광역시,지방,주거시설,11-아파트,bid_cut,42000.0,40000.0,-0.04761904761904767,
S97DFA8E7,2026-02,0,2026-01,울산광역시,지방,주거시설,11-아파트,bid_cut,40000.0,39000.0,-0.025000000000000022,
S97DFA8E7,2026-04,0,2026-03,울산광역시,지방,주거시설,11-아파트,bid_cut,39000.0,38000.0,-0.02564102564102566,
S9923FE3B,2025-03,0,2025-02,울산광역시,지방,업무시설,31-오피스텔,bid_cut,858.0,770.0,-0.10256410256410253,
S9923FE3B,2026-05,0,2026-04,울산광역시,지방,업무시설,31-오피스텔,bid_cut,770.0,692.0,-0.10129870129870133,
S99D973F5,2025-02,0,2025-01,경기도,수도권,상업시설,33-기타업무시설,reappraisal,34669.112,32324.0,-0.06764269012716562,
S99D973F5,2025-02,0,2025-01,경기도,수도권,상업시설,33-기타업무시설,bid_cut,26615.0,19404.0,-0.2709374412925042,
S99D973F5,2025-03,0,2025-02,경기도,수도권,상업시설,33-기타업무시설,bid_reset,19404.0,45070.0,1.3227169655741084,
S99D973F5,2025-04,0,2025-03,경기도,수도권,상업시설,33-기타업무시설,bid_cut,45070.0,19440.0,-0.5686709562902152,
S9CDC4F7D,2025-07,0,2025-04,울산광역시,지방,업무시설,31-오피스텔,reappraisal,29064.0,25273.0,-0.13043627855766582,
S9D6A332C,2025-08,0,2025-04,서울특별시,수도권,주거시설,12-주상복합,bid_cut,112993.0,100000.0,-0.11498942412361823,
S9D6A332C,2026-06,0,2025-11,서울특별시,수도권,주거시설,16-기타주거시설,bid_cut,100000.0,90500.0,-0.09499999999999997,
S9EEC1C21,2025-06,0,2025-05,제주특별자치도,지방,주거시설,16-기타주거시설,bid_reset,950.0,1304.0,0.3726315789473684,
S9EEC1C21,2026-01,0,2025-12,제주특별자치도,지방,주거시설,16-기타주거시설,bid_cut,1304.0,950.0,-0.2714723926380368,
S9F83AD5A,2025-07,0,2025-06,경기도,수도권,산업시설,66-물류센터,reappraisal,370276.0,484386.0,0.3081755231232919,
SA06BB3CC,2026-05,0,2025-11,부산광역시,지방,주거시설,11-아파트,reappraisal,50300.0,51361.0,0.021093439363817135,
SA0EC283D,2025-07,0,2025-06,충청북도,지방,상업시설,21-근린생활시설,reappraisal,11024.0,10707.0,-0.02875544267053698,
SA0EC283D,2025-10,0,2025-08,충청북도,지방,상업시설,21-근린생활시설,reappraisal,10707.0,11011.0,0.02839264032875688,
SA0EC283D,2025-11,0,2025-10,충청북도,지방,상업시설,21-근린생활시설,reappraisal,11011.0,10707.0,-0.027608754881482178,
SA14478A6,2025-04,0,2025-03,경기도,수도권,주거시설,12-주상복합,bid_cut,12738.0,11464.0,-0.10001570105197044,
SA14478A6,2025-08,0,2025-04,경기도,수도권,주거시설,12-주상복합,bid_cut,11464.0,10318.0,-0.09996510816468951,
SA14478A6,2025-12,0,2025-08,경기도,수도권,주거시설,12-주상복합,bid_cut,10318.0,9802.0,-0.050009691800736555,
SA14478A6,2026-03,0,2026-01,경기도,수도권,주거시설,12-주상복합,bid_cut,9802.0,9302.0,-0.05100999795960004,
SA14478A6,2026-05,0,2026-04,경기도,수도권,주거시설,12-주상복합,bid_cut,9302.0,8807.0,-0.05321436250268763,
SA166815F,2025-05,0,2025-04,경상북도,지방,주거시설,12-주상복합,reappraisal,14774.0,16479.0,0.11540544199268976,
SA3EBCF2F,2025-08,0,2025-06,부산광역시,지방,상업시설,21-근린생활시설,bid_cut,14302.0,13584.0,-0.050202768843518375,
SA4EA3A53,2025-08,0,2025-06,경기도,수도권,주거시설,11-아파트,bid_cut,7771.0,6800.0,-0.1249517436623343,
SA66B8BCD,2025-07,0,2025-06,부산광역시,지방,숙박시설,45-기타숙박시설,reappraisal,86134.6,88420.5,0.026538696412359286,
SA66B8BCD,2025-07,0,2025-06,부산광역시,지방,숙박시설,45-기타숙박시설,bid_cut,48700.0,46000.0,-0.05544147843942504,
SA67A2CE4,2025-07,0,2025-06,전라남도,지방,기타시설,45-기타숙박시설,reappraisal,5121.0,6134.0,0.19781292716266363,
SA6CCD1D8,2025-05,0,2025-04,울산광역시,지방,주거시설,12-주상복합,bid_reset,45567.0,50074.0,0.0989092983957689,
SA6CCD1D8,2025-07,0,2025-06,울산광역시,지방,주거시설,12-주상복합,bid_cut,50074.0,45567.0,-0.09000678995087275,
SA70D4501,2025-02,0,2025-01,전라남도,지방,주거시설,아파트,reappraisal,22751.82463,19912.3,-0.1248042597100486,
SA70D4501,2025-02,0,2025-01,전라남도,지방,주거시설,아파트,bid_cut,8294.22,8000.0,-0.03547289558270694,
SA70D4501,2025-04,0,2025-03,전라남도,지방,주거시설,11-아파트,bid_cut,8000.0,7006.0,-0.12424999999999997,
SA8FECD82,2025-07,0,2025-06,경기도,수도권,상업시설,21-근린생활시설,reappraisal,87851.0,75048.0,-0.14573539288112825,
SA8FECD82,2026-04,0,2026-03,경기도,수도권,상업시설,21-근린생활시설,bid_cut,54122.0,48674.0,-0.10066146853405267,
SA95A5A26,2025-04,0,2025-03,부산광역시,지방,숙박시설,42-콘도,reappraisal,190362.0,100550.0,-0.47179584160704346,
SA95A5A26,2025-12,0,2025-06,부산광역시,지방,레져시설,54-관광단지,reappraisal,100550.0,190361.0,0.8931974142217802,
SA9E2F2E1,2025-03,0,2025-02,경상북도,지방,상업시설,21-근린생활시설,bid_cut,5613.6,5052.0,-0.10004275331338186,
SAB5291E7,2025-07,0,2025-06,제주특별자치도,지방,주거시설,15-타운하우스,bid_cut,3776.0,1850.391,-0.5099600105932203,
SAB5291E7,2025-08,0,2025-07,제주특별자치도,지방,주거시설,16-기타주거시설,bid_cut,1850.391,1295.0,-0.3001479146839776,
SABAF7D0B,2025-08,0,2025-04,경기도,수도권,산업시설,66-물류센터,bid_cut,9450.0,7655.0,-0.18994708994708998,
SABAF7D0B,2025-10,0,2025-08,경기도,수도권,산업시설,66-물류센터,bid_cut,7655.0,7272.0,-0.05003265839320703,
SABAF7D0B,2026-02,0,2026-01,경기도,수도권,산업시설,66-물류센터,bid_cut,7272.0,6908.0,-0.05005500550055009,
SABBA2F50,2026-04,0,2026-03,경상북도,지방,상업시설,21-근린생활시설,reappraisal,31664.0,34940.0,0.10346134411318841,
SABBA2F50,2026-04,0,2026-03,경상북도,지방,상업시설,21-근린생활시설,bid_reset,10860.752,18700.0,0.7217960597940178,
SAC5701A3,2025-08,0,2025-03,경기도,수도권,주거시설,11-아파트,reappraisal,10607.0,20022.0,0.8876213821061563,
SAC5701A3,2026-05,0,2026-04,경기도,수도권,산업시설,67-기타산업시설,reappraisal,20022.0,15163.0,-0.24268304864648882,
SAD555B9C,2026-01,0,2025-12,부산광역시,지방,업무시설,31-오피스텔,bid_cut,44927.0,39356.0,-0.12400115743316942,
SAE805988,2025-02,0,2025-01,전라북도,지방,상업시설,26-기타상업시설,bid_cut,18862.0,8500.0,-0.5493584985685505,
SAF1A8E46,2025-06,0,2025-05,서울특별시,수도권,주거시설,11-아파트,bid_cut,34542.0,32542.0,-0.057900526894794746,
SB080EDF8,2026-02,0,2025-12,경기도,수도권,업무시설,76-기타시설,reappraisal,28984.51,27104.0,-0.06487982719045449,
SB34D1AAA,2026-03,0,2025-05,서울특별시,수도권,주거시설,16-기타주거시설,reappraisal,41478.0,47180.8,0.13748975360432047,
SB52E3E66,2025-02,0,2025-01,제주특별자치도,지방,주거시설,15-타운하우스,bid_cut,1637.236,802.0,-0.510150033348888,
SB52E3E66,2025-05,0,2025-04,제주특별자치도,지방,주거시설,15-타운하우스,bid_cut,802.0,393.0,-0.5099750623441397,
SB647D174,2025-02,0,2025-01,부산광역시,지방,주거시설,11-아파트,bid_cut,14040.0,12631.0,-0.10035612535612537,
SB6940DF9,2025-03,0,2025-02,대전광역시,지방,주거시설,11-아파트,bid_reset,13839.0,14239.0,0.028903822530529588,
SB7D11B4E,2025-02,0,2025-01,전라남도,지방,업무시설,오피스텔,reappraisal,75944.896,81929.0,0.07879534129587862,
SB9E6D085,2025-12,0,2025-11,경상북도,지방,산업시설,66-물류센터,reappraisal,20843.0,23052.0,0.10598282396967806,
SBB7E6E40,2025-05,0,2025-04,충청남도,지방,주거시설,11-아파트,bid_cut,18826.0,17403.0,-0.0755869542122597,
SBB7E6E40,2026-03,0,2026-02,충청남도,지방,주거시설,11-아파트,reappraisal,26180.0,25062.0,-0.0427043544690604,
SBB7E6E40,2026-03,0,2026-02,충청남도,지방,주거시설,11-아파트,bid_cut,17403.0,15768.7,-0.09390909613285059,
SBCFA4308,2025-03,0,2025-02,울산광역시,지방,상업시설,26-기타상업시설,reappraisal,4251.0,60699.0,13.278757939308399,
SBCFA4308,2025-07,0,2025-06,울산광역시,지방,상업시설,26-기타상업시설,bid_cut,30000.0,27000.0,-0.09999999999999998,
SBFE40430,2025-04,0,2025-03,제주특별자치도,지방,산업시설,62-아파트형공장,reappraisal,8876.0,11834.0,0.33325822442541675,
SC52C2452,2025-07,0,2025-05,제주특별자치도,지방,주거시설,16-기타주거시설,reappraisal,7617.0,9024.0,0.1847183930681371,
SC58C81F5,2025-07,0,2025-04,경기도,수도권,주거시설,11-아파트,bid_cut,423286.65,402122.3,-0.05000004134314184,
SC58C81F5,2025-12,0,2025-08,경기도,수도권,주거시설,11-아파트,bid_cut,402122.3,382016.19,-0.04999998756597179,
SC62A910F,2025-04,0,2025-03,경기도,수도권,산업시설,66-물류센터,reappraisal,18883.0,19512.945,0.033360430016416975,
SC647D2CD,2025-05,0,2025-04,경기도,수도권,산업시설,66-물류센터,bid_cut,128807.366832,88860.309955,-0.3101302189423829,
SC647D2CD,2025-07,0,2025-06,경기도,수도권,산업시설,66-물류센터,bid_cut,88860.309955,79974.278959,-0.10000000000562681,
SC647D2CD,2025-07,1,2025-04,경기도,수도권,산업시설,66-물류센터,reappraisal,135008.0,138008.0,0.0222209054278264,
SC647D2CD,2025-07,1,2025-04,경기도,수도권,산업시설,66-물류센터,bid_cut,94532.244633,79974.0,-0.15400295094567018,
SC647D2CD,2025-08,1,2025-07,경기도,수도권,산업시설,66-물류센터,bid_cut,79974.0,71976.0,-0.10000750243829248,
SC656EE22,2026-05,0,2025-08,경기도,수도권,산업시설,66-물류센터,reappraisal,160500.0,135328.0,-0.1568348909657321,
SC7F1C5D0,2026-06,0,2026-05,전라남도,지방,상업시설,25-상가,bid_cut,18000.0,16200.0,-0.09999999999999998,
SC92A9702,2025-07,0,2025-06,전라남도,지방,숙박시설,41-호텔,reappraisal,32805.0,34997.0,0.06681908245694257,
SC9614210,2025-04,0,2025-03,대구광역시,지방,주거시설,31-오피스텔,bid_cut,42008.0,32883.0,-0.2172205294229671,
SCD2B7CF6,2025-03,0,2025-02,경기도,수도권,상업시설,21-근린생활시설,bid_reset,7000.0,8540.0,0.21999999999999997,
SCD2B7CF6,2025-04,0,2025-03,경기도,수도권,상업시설,21-근린생활시설,bid_cut,8540.0,6500.0,-0.23887587822014056,
SCD9A3434,2025-03,0,2025-02,부산광역시,지방,업무시설,31-오피스텔,reappraisal,40306.64,39386.0,-0.022840901647966705,
SCDCA656F,2025-02,0,2025-01,서울특별시,수도권,업무시설,31-오피스텔,reappraisal,15753.4,19753.4,0.2539134409079946,
SCDCA656F,2025-12,0,2025-04,서울특별시,수도권,업무시설,31-오피스텔,reappraisal,19753.0,15753.0,-0.20250088594137594,
SCDCA656F,2026-04,0,2026-03,서울특별시,수도권,업무시설,31-오피스텔,reappraisal,15753.0,18662.0,0.18466323874817503,
SCDF6292F,2025-07,0,2025-06,울산광역시,지방,숙박시설,41-호텔,reappraisal,95800.0,123622.0,0.2904175365344468,
SCEE9BC0B,2025-07,0,2025-03,경기도,수도권,주거시설,16-기타주거시설,bid_reset,6433.0,13582.0,1.111301103684129,
SCFFE3999,2026-05,0,2026-04,경기도,수도권,주거시설,16-기타주거시설,reappraisal,4230.0,3744.0,-0.11489361702127665,
SD1588DD4,2025-04,0,2025-01,전라남도,지방,기타시설,76-기타시설,reappraisal,16223.0,18598.0,0.14639709055045302,
SD1B1B3C3,2025-08,0,2025-03,경기도,수도권,상업시설,21-근린생활시설,bid_cut,12654.0,11907.0,-0.05903271692745382,
SD1B52EEF,2025-06,0,2025-05,경상남도,지방,산업시설,66-물류센터,bid_cut,49984.0,45000.0,-0.09971190781049932,
SD1B52EEF,2025-08,0,2025-07,경상남도,지방,산업시설,66-물류센터,reappraisal,106187.0,686100.0,5.4612429016734625,
SD1B52EEF,2025-12,0,2025-11,경상남도,지방,산업시설,66-물류센터,reappraisal,686100.0,103947.0,-0.8484958460865764,
SD1B52EEF,2025-12,0,2025-11,경상남도,지방,산업시설,66-물류센터,bid_cut,45000.0,43000.0,-0.0444444444444444,
SD3A9B2BC,2025-06,0,2025-05,경기도,수도권,산업시설,66-물류센터,bid_cut,6000.0,5400.0,-0.09999999999999998,
SD3A9B2BC,2025-10,0,2025-08,경기도,수도권,산업시설,66-물류센터,reappraisal,15069.0,15262.0,0.012807751012011481,
SD3A9B2BC,2026-04,0,2026-03,경기도,수도권,산업시설,66-물류센터,reappraisal,15262.0,15068.0,-0.012711309133796367,
SD3A9B2BC,2026-04,0,2026-03,경기도,수도권,산업시설,66-물류센터,bid_cut,5400.0,4875.0,-0.09722222222222221,
SD3A9B2BC,2026-05,0,2026-04,경기도,수도권,산업시설,66-물류센터,reappraisal,15068.0,15262.0,0.012874966817095768,
SD3A9B2BC,2026-06,0,2026-05,경기도,수도권,산업시설,66-물류센터,reappraisal,15262.0,15068.0,-0.012711309133796367,
SD4E7B8FD,2026-01,0,2025-12,전라남도,지방,상업시설,25-상가,bid_cut,20000.00026,18000.458,-0.09997711170029766,
SD66FD976,2025-07,0,2025-06,충청남도,지방,상업시설,26-기타상업시설,reappraisal,11853.0,13171.0,0.11119547793807483,
SD6DE873C,2026-05,0,2026-04,경기도,수도권,업무시설,76-기타시설,bid_cut,42768.0,41000.0,-0.04133931911709687,
SD775B01F,2025-07,0,2025-06,경상북도,지방,업무시설,12-주상복합,bid_cut,7875.0,6091.0,-0.22653968253968249,
SD775B01F,2025-10,0,2025-08,경상북도,지방,업무시설,12-주상복합,bid_reset,6091.0,9042.0,0.48448530618945984,
SD8A6C200,2025-03,0,2025-02,충청남도,지방,업무시설,31-오피스텔,reappraisal,61351.539,62720.611,0.02231520223152028,
SD8A6C200,2025-03,0,2025-02,충청남도,지방,업무시설,31-오피스텔,bid_reset,6135.154,27000.0,3.4008675250857596,
SD8F02AD1,2025-10,0,2025-08,전라남도,지방,상업시설,31-오피스텔,reappraisal,6400.0,9408.0,0.47,reversal_next
SD8F02AD1,2025-11,0,2025-10,전라남도,지방,상업시설,31-오피스텔,reappraisal,9408.0,6400.0,-0.3197278911564626,reversal_back
SDBA06B0D,2025-02,0,2025-01,대전광역시,지방,주거시설,12-주상복합,bid_reset,52.834,52800.0,998.3564749971608,
SDBA06B0D,2025-08,0,2025-07,대전광역시,지방,주거시설,12-주상복합,reappraisal,80256.0,77270.0,-0.03720594098883567,
SDBA06B0D,2025-08,0,2025-07,대전광역시,지방,주거시설,12-주상복합,bid_cut,52834.0,48750.0,-0.07729870916455317,
SDBE9380A,2025-05,0,2025-04,경상남도,지방,주거시설,12-주상복합,bid_cut,61507.1414,54790.926,-0.10919407482006638,
SDC4D96E4,2025-03,0,2025-02,부산광역시,지방,상업시설,21-근린생활시설,bid_reset,12401.0,15309.0,0.23449721796629297,
SDE7092BB,2025-08,0,2025-07,전라남도,지방,주거시설,11-아파트,reappraisal,10327.0,16114.0,0.5603757141473806,
SDF0845A4,2026-06,0,2025-05,전라남도,지방,주거시설,12-주상복합,reappraisal,45525.0,42901.0,-0.05763866007688079,
SDFCC9355,2025-02,0,2025-01,전라남도,지방,주거시설,11-아파트,reappraisal,1620.6,2692.292,0.6612933481426633,
SDFCC9355,2025-02,0,2025-01,전라남도,지방,주거시설,11-아파트,bid_reset,907.536,964.917,0.06322724387792888,
SDFCC9355,2025-03,0,2025-02,전라남도,지방,주거시설,11-아파트,bid_cut,964.917,772.0,-0.19993118579110947,
SDFCC9355,2025-06,0,2025-05,전라남도,지방,주거시설,11-아파트,bid_cut,772.0,618.0,-0.19948186528497414,
SE0B0AD03,2026-03,0,2025-04,경기도,수도권,주거시설,14-다세대주택,reappraisal,3450.0,3695.0,0.07101449275362315,
SE215B905,2025-08,0,2025-07,경상남도,지방,상업시설,26-기타상업시설,bid_cut,8563.0,6818.0,-0.2037837206586477,
SE277C0C6,2025-03,0,2025-02,경기도,수도권,주거시설,14-다세대주택,bid_cut,1320.0,1220.0,-0.0757575757575758,
SE277C0C6,2026-04,0,2025-05,경기도,수도권,주거시설,12-주상복합,reappraisal,2300.0,1745.0,-0.241304347826087,
SE277C0C6,2026-04,0,2025-05,경기도,수도권,주거시설,12-주상복합,bid_reset,1220.0,1745.0,0.430327868852459,
SE308E5B3,2025-04,0,2025-03,전라남도,지방,기타시설,72-교육시설,bid_cut,11957.0,10491.0,-0.12260600485071504,
SE3E889C8,2025-03,0,2025-01,전라남도,지방,레져시설,55-기타레져시설,bid_cut,8040.97,7080.0,-0.119509213440667,
SE4AEE2B5,2025-08,0,2025-04,경기도,수도권,주거시설,16-기타주거시설,reappraisal,27551.0,29671.5,0.07696635330840995,
SE57DD5D0,2025-03,0,2025-02,서울특별시,수도권,업무시설,32-오피스빌딩,bid_reset,50000.0,54326.0,0.08651999999999993,
SE57DD5D0,2025-04,0,2025-03,서울특별시,수도권,업무시설,32-오피스빌딩,bid_cut,54326.0,50000.0,-0.07963037956043151,
SE5ED159C,2025-04,0,2025-03,부산광역시,지방,상업시설,26-기타상업시설,bid_reset,18720.0,21100.0,0.12713675213675213,
SE610DC45,2025-10,0,2025-08,전라남도,지방,주거시설,12-주상복합,bid_cut,12865.0,11180.0,-0.13097551496307813,
SE62B2376,2026-03,0,2026-02,경상남도,지방,주거시설,11-아파트,bid_cut,51625.0,36137.0,-0.30000968523002425,
SE670D357,2025-10,0,2025-08,대전광역시,지방,주거시설,12-주상복합,bid_cut,5278.0,5229.0,-0.009283819628647216,
SE692F9B3,2025-03,0,2025-02,제주특별자치도,지방,주거시설,13-연립주택,reappraisal,6756.0,6665.0,-0.013469508584961543,
SE757D614,2026-04,0,2026-03,부산광역시,지방,주거시설,16-기타주거시설,bid_cut,80864.0,70000.0,-0.13434903047091418,
SE952B830,2025-07,0,2025-06,제주특별자치도,지방,주거시설,15-타운하우스,bid_cut,878.0,634.0,-0.2779043280182233,
SE952B830,2025-10,0,2025-08,제주특별자치도,지방,주거시설,15-타운하우스,bid_reset,634.0,2504.0,2.949526813880126,
SE952B830,2026-02,0,2026-01,제주특별자치도,지방,주거시설,15-타운하우스,bid_cut,2504.0,878.0,-0.6493610223642172,
SE9C5BA09,2025-07,0,2025-06,경상북도,지방,주거시설,16-기타주거시설,reappraisal,1277.0,1252.0,-0.019577133907595967,
SE9C5BA09,2025-07,0,2025-06,경상북도,지방,주거시설,16-기타주거시설,bid_cut,1227.0,429.0,-0.6503667481662592,
SEA34D383,2025-02,0,2025-01,경기도,수도권,주거시설,12-주상복합,bid_cut,7600.564,6845.0,-0.0994089385998197,
SEA34D383,2025-03,0,2025-02,경기도,수도권,주거시설,12-주상복합,bid_cut,6845.0,6498.0,-0.0506939371804237,
SEBC60A65,2025-12,0,2025-07,부산광역시,지방,상업시설,21-근린생활시설,bid_cut,4981.0,4000.0,-0.19694840393495283,
SEBC60A65,2026-02,0,2026-01,부산광역시,지방,상업시설,21-근린생활시설,bid_reset,4000.0,4981.0,0.24524999999999997,
SEC57693A,2025-02,0,2025-01,경기도,수도권,산업시설,67-기타산업시설,reappraisal,24531.17011,21402.0,-0.1275589421934834,
SEC69E488,2025-04,0,2025-01,강원도,지방,숙박시설,45-기타숙박시설,bid_cut,12486.0,11992.0,-0.03956431202947297,
SED276E9B,2025-02,0,2025-01,제주특별자치도,지방,주거시설,16-기타주거시설,bid_cut,26782.0,24099.0,-0.10017922485251285,
SED276E9B,2025-04,0,2025-03,제주특별자치도,지방,주거시설,16-기타주거시설,bid_cut,24099.0,21639.0,-0.10207892443669864,
SEDCA9B21,2025-08,0,2025-04,경기도,수도권,주거시설,13-연립주택,bid_cut,5000.0,4751.0,-0.049799999999999955,
SEDD83D1F,2025-02,0,2025-01,서울특별시,수도권,기타시설,71-의료시설,reappraisal,27107.52,48753.0,0.7985046215957785,
SEE20F03C,2025-10,0,2025-08,경상남도,지방,주거시설,12-주상복합,bid_cut,39071.0,23071.0,-0.40951089043024236,
SEE77D95C,2025-12,0,2025-08,경상남도,지방,상업시설,21-근린생활시설,reappraisal,114169.0,314465.0,1.7543816622725958,reversal_next
SEE77D95C,2025-12,0,2025-08,경상남도,지방,상업시설,21-근린생활시설,bid_reset,50700.0,131426.0,1.5922287968441813,
SEE77D95C,2026-03,0,2025-12,경상남도,지방,주거시설,11-아파트,reappraisal,314465.0,114169.0,-0.6369421080247404,reversal_back
SEE77D95C,2026-03,0,2025-12,경상남도,지방,주거시설,11-아파트,bid_cut,131426.0,50700.0,-0.6142315827918372,
SF1CD90CB,2025-08,0,2025-07,경상남도,지방,주거시설,12-주상복합,bid_cut,9518.3,8100.0,-0.14900770095500238,
SF20A960A,2026-01,0,2025-12,제주특별자치도,지방,주거시설,15-타운하우스,reappraisal,18051.0,17184.0,-0.04803058002326743,
SF20A960A,2026-01,0,2025-12,제주특별자치도,지방,주거시설,15-타운하우스,bid_cut,12029.0,8420.0,-0.30002493972898825,
SF20A960A,2026-02,0,2026-01,제주특별자치도,지방,주거시설,15-타운하우스,bid_cut,8420.0,5894.0,-0.30000000000000004,
SF20A960A,2026-05,0,2026-02,제주특별자치도,지방,주거시설,15-타운하우스,bid_reset,5894.0,8420.0,0.4285714285714286,
SF31DCC23,2025-02,0,2025-01,경기도,수도권,업무시설,66-물류센터,reappraisal,11377.653,11691.864,0.027616504036465095,
SF3AAA4E7,2025-10,0,2025-08,경기도,수도권,상업시설,21-근린생활시설,reappraisal,11000.0,10073.0,-0.08427272727272728,
SF50F2D8E,2025-11,0,2025-10,세종특별자치시,지방,상업시설,21-근린생활시설,bid_cut,46485.0,7484.0,-0.839001828546843,
SF50F2D8E,2026-03,0,2025-11,세종특별자치시,지방,상업시설,21-근린생활시설,reappraisal,74845.0,70850.0,-0.053376979090119625,
SF50F2D8E,2026-04,0,2026-03,세종특별자치시,지방,상업시설,21-근린생활시설,reappraisal,70850.0,74845.0,0.056386732533521444,
SF54C40A0,2025-03,0,2025-02,제주특별자치도,지방,숙박시설,16-기타주거시설,bid_reset,5444.0,11109.0,1.040595150624541,
SF6150AD1,2025-07,0,2025-06,전라남도,지방,주거시설,11-아파트,reappraisal,25008.0,27864.0,0.11420345489443373,
SF6150AD1,2025-08,0,2025-07,전라남도,지방,주거시설,11-아파트,reappraisal,27864.0,25008.0,-0.10249784668389317,
SF6150AD1,2025-11,0,2025-10,전라남도,지방,주거시설,11-아파트,bid_cut,15640.0,12483.0,-0.2018542199488491,
SF6150AD1,2026-03,0,2026-02,전라남도,지방,주거시설,11-아파트,bid_cut,12483.0,9986.0,-0.20003204357926785,
SF694D071,2025-04,0,2025-03,세종특별자치시,지방,주거시설,13-연립주택,reappraisal,48094.0,49413.0,0.027425458477148945,
SF694D071,2025-07,0,2025-06,세종특별자치시,지방,주거시설,13-연립주택,bid_cut,22477.0,22213.0,-0.01174533968056235,
SF6A384E7,2025-10,0,2025-08,세종특별자치시,지방,주거시설,16-기타주거시설,bid_cut,26010.0,23780.0,-0.08573625528642825,
SF6A384E7,2026-04,0,2026-03,세종특별자치시,지방,주거시설,15-타운하우스,reappraisal,43000.0,40260.0,-0.06372093023255809,
SF6C51356,2025-06,0,2025-05,전라북도,지방,주거시설,12-주상복합,bid_cut,1002.0,904.0,-0.0978043912175649,
SF6C51356,2025-08,0,2025-07,전라북도,지방,주거시설,12-주상복합,bid_cut,904.0,814.0,-0.0995575221238938,
SF6C51356,2025-11,0,2025-10,전라북도,지방,주거시설,12-주상복합,bid_cut,814.0,732.0,-0.10073710073710074,
SF6C51356,2026-06,0,2026-05,전라북도,지방,주거시설,12-주상복합,reappraisal,1223.0,1163.0,-0.04905968928863447,
SF6C51356,2026-06,0,2026-05,전라북도,지방,주거시설,12-주상복합,bid_cut,732.0,659.0,-0.09972677595628421,
SF7198301,2026-04,0,2026-03,부산광역시,지방,업무시설,21-근린생활시설,reappraisal,44626.0,61155.0,0.37038945905974097,
SF767C506,2025-02,0,2025-01,경기도,수도권,산업시설,62-아파트형공장,bid_cut,13730.206,7627.0,-0.4445094268796841,
SF767C506,2025-04,0,2025-03,경기도,수도권,산업시설,62-아파트형공장,bid_reset,7627.0,13500.0,0.7700275337616362,
SF767C506,2025-07,0,2025-06,경기도,수도권,산업시설,62-아파트형공장,reappraisal,30511.0,32972.0,0.08065943430238276,
SF8DCBC63,2025-10,0,2025-08,경상북도,지방,주거시설,11-아파트,reappraisal,36188.0,30372.0,-0.16071625953354707,
SF8DCBC63,2025-11,0,2025-10,경상북도,지방,주거시설,11-아파트,reappraisal,30372.0,36188.0,0.19149216383511125,
SF8DCBC63,2025-11,0,2025-10,경상북도,지방,주거시설,11-아파트,bid_cut,18500.0,18200.0,-0.01621621621621616,
SF90C7CEA,2025-08,0,2025-07,부산광역시,지방,주거시설,11-아파트,reappraisal,9370.0,14400.0,0.536819637139808,
SFC4B9F51,2026-05,0,2026-04,경기도,수도권,업무시설,31-오피스텔,bid_cut,16262.378036,12500.0,-0.23135472731424822,
SFCCC66BD,2025-04,0,2025-03,서울특별시,수도권,주거시설,31-오피스텔,bid_cut,8313.0,7456.0,-0.10309154336581261,
SFCD2E8C0,2025-03,0,2025-02,경기도,수도권,주거시설,11-아파트,bid_cut,38474.0,11217.0,-0.7084524614025056,
SFD676D24,2025-03,0,2025-02,대구광역시,지방,주거시설,16-기타주거시설,reappraisal,20565.954,25566.0,0.2431224926400204,
SFD676D24,2025-12,0,2025-08,대구광역시,지방,주거시설,16-기타주거시설,reappraisal,25566.0,24410.0,-0.04521630290229206,
SFD676D24,2026-06,0,2026-04,대구광역시,지방,주거시설,12-주상복합,reappraisal,24410.0,6328.0,-0.7407619827939369,
