site_id,n_rounds_observed,n_fail,outcome,last_opbd_dt,last_status,onbid_appraisal_mn,min_bid_last_mn,match_via,sale_price_mn,sale_dt,sale_round_appraisal_mn,sale_to_appraisal_pct,sale_to_minbid_pct,n_valid_bidders,n_sold_rounds,address,biz_class,sido,region,first_month,last_month,n_months,kfb_appraisal_last_mn,kfb_min_bid_last_mn,exited,sale_scope
S010F3641,6,6,유찰만,2025-11-10 10:00:00,유찰,,11014.0,plnm,,,,,,,,경기도 파주시 맥금동 513-6 외,상업시설,경기도,수도권,2026-02,2026-06,5,15827.0,11014.0,False,
S0142A33E,12,11,유찰만,2025-11-13 09:00:00,수의계약가능,19199.557,9800.0,plnm,,,,,,,,인천 중구 신흥동3가 47-5번지 일원,상업시설,인천광역시,수도권,2025-02,2026-05,12,19199.557,9800.0,True,
S0217152D,26,26,유찰만,2026-03-24 09:00:00,유찰,85567.0,55150.0,cltr,,,,,,,,목포시 상락동 1가 6-1,숙박시설,전라남도,지방,2025-01,2026-06,17,59371.0,55150.0,False,
S02E37C4D,8,7,유찰만,2024-08-27 09:30:00,유찰,9516.59,5057.506106,plnm,,,,,,,,경기도 김포시 양촌읍 석모리 1061-15 외,주거시설,경기도,수도권,2026-03,2026-06,4,33533.974,11513.0,False,
S03652A61,6,5,유찰만,2025-06-12 10:00:00,수의계약가능,39949.812,24769.462712,cltr,,,,,,,,대구 달성군 유가읍 봉리 599,기타시설,대구광역시,지방,2025-04,2026-06,14,39949.0,,False,
S06A76971,9,9,유찰만,2025-02-12 09:00:00,유찰,86934.562675,57674.6326,plnm,,,,,,,,경상남도 김해시 신문동 625번지 일원,주거시설,경상남도,지방,2025-01,2025-02,2,86935.0,57675.0,True,
S06D4E6D7,6,5,유찰만,2025-05-14 10:00:00,수의계약가능,22006.0,13017.5,plnm,,,,,,,,경기 광주시 퇴촌면 광동리 194 외 2필지,업무시설,경기도,수도권,2025-04,2025-06,3,22006.0,13728.12,True,
S07631617,9,9,유찰만,2026-05-29 09:00:00,유찰,18210.39004,6859.0,plnm,,,,,,,,울산시 전하동 300-17외 11필지,주거시설,울산광역시,지방,2025-08,2026-06,7,18210.0,6859.0,False,
S081A389E,18,11,낙찰,2025-05-07 10:00:00,취소,3492.14,2243.862,cltr,2500.0,2025-04-30 10:00:00,3492.14,71.59,100.27,1.0,1.0,부산 사상구 모라동 271-11번지,주거시설,부산광역시,지방,2025-01,2025-04,2,3492.0,2066.0,True,전체매각추정
S0855FD8D,14,14,유찰만,2025-03-10 13:00:00,유찰,7633.89045,4557.19134,plnm,,,,,,,,"전라남도 여수시 교동 630, 634",주거시설,전라남도,지방,2025-05,2025-05,1,130.1854581,4557.19134,True,
S0971DF3D,24,24,유찰만,2025-06-05 10:00:00,유찰,21816.8,13263.28,cltr;plnm,,,,,,,,시흥시 신천동 713번지외 5필지,주거시설,경기도,수도권,2025-02,2025-11,8,21816.0,13263.0,True,
S0A6CC8C6,24,24,유찰만,2025-07-10 09:00:00,유찰,,19833.3,plnm,,,,,,,,"강원도 현북면 하광정리 591외, 중광정리 508외",숙박시설,강원도,지방,2025-05,2026-06,13,100387.0,53706.0,False,
S0A7A5F4E,21,20,유찰만,2024-11-18 09:00:00,수의계약가능,61100.0,29136.9,cltr,,,,,,,,경기도 양주시 광적면 우고리 120-1,기타시설,경기도,수도권,2026-04,2026-04,1,61100.0,29136.0,True,
S0ADB789F,15,14,유찰만,2025-02-12 09:00:00,수의계약가능,23176.0,15034.7,cltr,,,,,,,,경기도 광명시 광명동 752-3번지,주거시설,경기도,수도권,2025-01,2025-08,8,23100.0,15034.0,True,
S0B1656E8,21,20,낙찰,2025-04-22 09:00:00,낙찰,12614.803,4610.0,plnm,4621.0,2025-04-22 09:00:00,12614.803,36.63,100.24,1.0,1.0,경기도 과천시 문원동 328-1번지 외 3필지,주거시설,경기도,수도권,2025-01,2025-04,4,12615.0,4500.0,True,전체매각추정
S0B32AC2A,17,16,유찰만,2025-04-09 10:00:00,수의계약가능,107305.549,65277.0,plnm,,,,,,,,"경기도 시흥시 정왕동 2724, 2724-1",숙박시설,경기도,수도권,2025-01,2026-06,9,108240.0,65277.0,False,
S0C083C68,10,9,유찰만,2024-12-24 10:00:00,수의계약가능,14531.44,9900.0,plnm,,,,,,,,유성구 용계동 667-8,업무시설,대전광역시,지방,2025-01,2026-04,15,14531.44,9900.0,True,
S0C556870,18,18,유찰만,2025-04-24 09:00:00,유찰,33131.9134,13889.9,cltr,,,,,,,,경상북도 영천시 북안면 송포리 산92 외 46필지,레져시설,경상북도,지방,2025-04,2025-04,1,33132.0,29537.0,True,
S0CD975EF,16,14,유찰만,2025-04-04 10:00:00,수의계약가능,30072.465,18500.0,plnm,,,,,,,,전남 나주시 빛가람동 196-2번지,숙박시설,전라남도,지방,2025-01,2026-04,10,25785.0,12892.0,True,
S0D902046,45,44,유찰만,2026-07-24 10:00:00,입찰마감,9629.382,5688.0,cltr;plnm,,,,,,,,"인천시 중구 중산동 1873-11, 12번지",상업시설,인천광역시,수도권,2025-01,2025-06,6,21766.0,13013.0,True,
S0EE4E155,10,10,유찰만,2025-01-31 09:00:00,유찰,140258.0,59850.0,plnm,,,,,,,,남양주시 다산동 6242,산업시설,경기도,수도권,2025-01,2025-04,4,140258.0,59850.0,True,
S0F484014,8,7,유찰만,2025-09-18 09:00:00,수의계약가능,12766.3,9258.2,plnm,,,,,,,,"동작구 노량진동 58-20, 58-21, 58-42, 58-28, 58-29(5필지)",주거시설,서울특별시,수도권,2025-03,2026-06,11,12766.3,9258.2,False,
S0FD4C0C8,21,19,유찰만,2026-05-07 09:00:00,수의계약가능,6297.6596,1440.702516,plnm,,,,,,,,충청남도 공주시 상왕동 산58-1외 3필지,주거시설,충청남도,지방,2025-01,2026-05,16,6298.0,1441.0,True,
S10337289,48,26,낙찰,2025-06-30 09:00:00,유찰,182449.3389,104444.0,manual,97500.0,2024-09-09 09:00:00,182449.3389,53.43949207370902,,2.0,1.0,경기 남양주시 진접읍 금곡리 477-2 일원,주거시설,경기도,수도권,2025-04,2026-05,5,183296.0,94000.0,True,전체매각추정
S10811092,83,75,유찰만,2025-05-15 10:00:00,유찰,583.73,27000.0,cltr;plnm,,,,,,,,여수시 웅천동 1868-4,숙박시설,전라남도,지방,2025-01,2025-11,10,72216.0,27000.0,True,
S11801321,7,6,유찰만,2024-09-13 10:00:00,수의계약가능,13004.802,9880.0,plnm,,,,,,,,서울특별시 노원구 공릉동 661-16 外 1필지,업무시설,서울특별시,수도권,2025-01,2025-02,2,13116.0,9880.0,True,
S13731CB5,8,8,유찰만,2024-11-27 09:00:00,유찰,3221.902,1585.589,plnm,,,,,,,,경기도 파주시 조리읍 장곡리 427-18 외 13필지,주거시설,경기도,수도권,2025-01,2026-06,17,4514.0,1585.0,False,
S138A1FA2,45,36,낙찰,2026-04-01 10:00:00,수의계약가능,510.0,197.6,plnm,323.3,2026-04-01 10:00:00,834.0,38.76,100.03,1.0,1.0,"경기도 안양시 만안구 관양동 905-1 ,701.702.703.704.705.707.708.709.1304.1305",상업시설,경기도,수도권,2026-04,2026-06,3,6464.0,2505.0,False,부분매각추정
S15259032,320,304,낙찰,2026-06-16 10:00:00,수의계약가능,7893.765,3578.101367,cltr;plnm,1445.73,2026-06-16 10:00:00,3568.55,40.51,100.39,1.0,1.0,인천광역시 중구 중산동 1995-1외 15필지,상업시설,인천광역시,수도권,2025-02,2026-06,12,157597.0,89200.0,False,부분매각추정
S1682CEAB,16,12,취소,2025-07-25 10:00:00,취소,24433.54,16490.0,cltr;plnm,,,,,,,,중구 학산동 83-3 외 19필지,주거시설,울산광역시,지방,2025-02,2025-07,6,42145.0,32350.0,True,
S16E31147,7,6,유찰만,2024-12-27 09:00:00,수의계약가능,44596.625,27300.0,plnm,,,,,,,,인천광역시 중구 항동7가 57-8번지 일원,주거시설,인천광역시,수도권,2025-01,2026-02,13,44918.0,24324.0,True,
S1A51ABDA,28,22,유찰만,2026-05-01 10:00:00,유찰,41473.885,,cltr,,,,,,,,울산광역시 동구 화정동 638-3,주거시설,울산광역시,지방,2025-01,2025-08,8,43698.3352,41967.0,True,
S1A6D33DC,10,8,취소,2025-08-29 09:00:00,취소,44335.2,19120.0,plnm,,,,,,,,"부산광역시 해운대구 중동 1394-335, 1394-336, 1398-36, 1394-338, 1394-339, 1398-16, 1398-86, 1394-364",주거시설,부산광역시,지방,2025-08,2025-12,4,168107.0,74000.0,True,
S1A77DD7D,4,3,유찰만,2025-03-26 10:00:00,수의계약가능,2903.443,2874.0,manual,,,,,,,,충청북도 진천군 진천읍 삼덕리 767-53 외,산업시설,충청북도,지방,2025-03,2025-05,3,5852.0,2874.0,True,
S1BF442BD,12,11,유찰만,2025-04-04 10:00:00,수의계약가능,163628.0,99000.0,cltr,,,,,,,,금천구 시흥동 113-16,주거시설,서울특별시,수도권,2025-02,2025-08,7,163628.0,99000.0,True,
S1CCC7A4F,20,14,유찰만,2026-01-13 10:00:00,유찰,58820.382,34500.0,cltr,,,,,,,,공주시 신관동 608,주거시설,충청남도,지방,2025-04,2026-01,9,57971.0,34500.0,True,
S1D487202,30,29,유찰만,2025-08-29 09:00:00,수의계약가능,9325.294155,4646.0,cltr,,,,,,,,경기도 이천시 송정동 315-4번지 외,주거시설,경기도,수도권,2025-01,2025-12,11,9325.0,4646.0,True,
S1DD157B8,6,5,유찰만,2026-05-27 09:00:00,수의계약가능,,6574.7,plnm,,,,,,,,부산광역시연제구거제동507-8,상업시설,부산광역시,지방,2026-05,2026-06,2,38970.0,6574.0,False,
S1E19C21A,6,6,유찰만,2024-07-11 09:30:00,유찰,29443.5736,21026.2,plnm,,,,,,,,강북구 미아동 52-1외 2필지,상업시설,서울특별시,수도권,2025-01,2025-03,3,29443.0,21026.0,True,
S1E46D22B,4,2,유찰만,2026-07-24 09:00:00,입찰마감,51910.64,40700.0,plnm,,,,,,,,충청남도천안시청당동293번지일원,주거시설,충청남도,지방,2025-02,2026-06,15,47896.0,34000.0,False,
S1ECB5CAB,7,7,유찰만,2024-10-30 09:00:00,유찰,,32159.8,plnm,,,,,,,,경기도김포시구래동6871-43번지,상업시설,경기도,수도권,2025-02,2025-05,4,43509.0,32159.0,True,
S1F4B1CC0,18,17,유찰만,2025-04-29 09:00:00,수의계약가능,97474.21492,46401.6,cltr,,,,,,,,"경상북도 포항시 남구 중흥로 85(상도동, 포항터미널)",주거시설,경상북도,지방,2025-02,2025-07,6,97474.0,46319.0,True,
S1FB16284,7,6,유찰만,2025-05-23 10:00:00,수의계약가능,621027.82365,24921.83,plnm,,,,,,,,충청남도 천안시 동남구 신부동 53-1외 28필지,주거시설,충청남도,지방,2025-01,2026-06,12,32200.0,24511.0,False,
S21A286E2,8,7,유찰만,2024-08-27 09:00:00,수의계약가능,,3000.0,plnm,,,,,,,,경북포항시북구죽도동609-8,주거시설,경상북도,지방,2025-03,2025-06,4,5350.0,3000.0,True,
S21C3310D,4,3,유찰만,2025-08-19 09:00:00,수의계약가능,12002.0,10000.0,cltr,,,,,,,,경기 성남시 중원구 성남동 2203번지 외,업무시설,경기도,수도권,2025-04,2025-08,5,12002.0,10000.0,True,
S220CB9E4,6,5,유찰만,2024-11-01 10:00:00,수의계약가능,302592.41272,15751.0,plnm,,,,,,,,경기 의정부시 의정부동 9-6 외,주거시설,경기도,수도권,2025-01,2025-05,4,23702.0,15760.0,True,
S24E6B67F,5,4,유찰만,2024-07-12 09:00:00,수의계약가능,14156.62,12128.4,plnm,,,,,,,,경기도 성남시 분당구 운중동 337-7번지 일원,주거시설,경기도,수도권,2025-01,2025-03,3,14090.0,12000.0,True,
S258F1648,6,5,유찰만,2025-02-04 09:00:00,수의계약가능,14078.40246,11169.74374,cltr,,,,,,,,용인시 처인구 삼가동 213-1,주거시설,경기도,수도권,2025-01,2025-02,2,14079.0,11170.0,True,
S25DF20E9,25,25,유찰만,2026-07-24 10:00:00,유찰,9276.82668,4921.0,cltr;plnm,,,,,,,,경기 동두천시 생연동 724-5외 4필지,주거시설,경기도,수도권,2025-01,2026-06,9,9276.82668,4401.0,False,
S27450A1B,32,24,유찰만,2025-04-10 08:30:00,수의계약가능,19036.563,9516.0,cltr,,,,,,,,인천광역시 중구 중산동 1960-7번지,업무시설,인천광역시,수도권,2025-01,2025-05,5,19036.0,9516.0,True,
S291C403B,4,2,낙찰,2025-03-19 09:00:00,취소,3137.31,2315.0,plnm,2543.5,2025-03-12 09:00:00,3137.31,81.07,100.08,1.0,1.0,경기도평택시동삭동661-1,상업시설,경기도,수도권,2025-02,2025-02,1,3137.0,,True,전체매각추정
S296C1212,19,18,유찰만,2026-02-13 09:00:00,수의계약가능,76474.16,34400.0,cltr,,,,,,,,경북 포항시 북구 흥해읍 곡강리 A1BL 1LOT,주거시설,경상북도,지방,2025-08,2025-12,2,76474.0,37016.0,True,
S29FD7B4A,36,25,유찰만,2026-06-02 09:30:00,수의계약가능,,11800.0,cltr,,,,,,,,대구광역시 달서구 장기동 539-2,기타시설,대구광역시,지방,2025-01,2026-05,16,17578.0,12500.0,True,
S2BFC21AD,49,48,유찰만,2026-07-23 10:00:00,입찰마감,3568.2375,1123.0,cltr;plnm,,,,,,,,"중구 운북동1353-20,-26",상업시설,인천광역시,수도권,2025-01,2026-06,17,3568.0,1011.0,False,
S2C2C2F80,1,0,유찰만,2024-11-21 09:00:00,수의계약가능,9554.2767,9939.1747,plnm,,,,,,,,충남 아산시 온천동 82-6,주거시설,충청남도,지방,2025-01,2025-06,6,9939.0,8052.0,True,
S2C6542AE,11,11,유찰만,2024-12-31 09:00:00,유찰,24161.0,9953.0,plnm,,,,,,,,시흥시 정왕동 2718,상업시설,경기도,수도권,2025-02,2025-08,7,24161.0,9953.0,True,
S2CCA842E,66,66,유찰만,2024-07-08 10:10:00,유찰,3090.0,1170.0,plnm,,,,,,,,광진구 화양동 2-10외,주거시설,서울특별시,수도권,2025-02,2026-06,16,30306.0,3500.0,False,
S2CF30C9B,27,24,유찰만,2025-06-05 09:00:00,수의계약가능,34396.23496,27139.0,cltr;plnm,,,,,,,,경기 김포시 사우동 300 외,주거시설,경기도,수도권,2025-01,2025-06,6,62896.0,35204.0,True,
S30E9E255,24,23,유찰만,2025-11-19 10:00:00,수의계약가능,20778.2222,17000.0,cltr,,,,,,,,대전광역시 달서구 본동 881번지,주거시설,대구광역시,지방,2025-04,2026-06,14,20920.0,17000.0,False,
S313547C7,6,5,유찰만,2024-12-03 09:00:00,수의계약가능,838.501,500.0,plnm,,,,,,,,"파주시 파주읍 연풍리 422-14,-10,-6",주거시설,경기도,수도권,2025-01,2025-02,2,838.501,500.0,True,
S31AD2393,6,5,유찰만,2024-10-01 09:00:00,수의계약가능,10518.001,7719.203241,plnm,,,,,,,,경북 영천시 금호읍 신월리 33외,레져시설,경상북도,지방,2025-02,2026-06,16,10518.0,10518.0,False,
S32119684,31,30,유찰만,2025-06-27 09:00:00,수의계약가능,11515.0,6105.6,cltr,,,,,,,,부산광역시 부산진구 양정동 387-13번지 외,업무시설,부산광역시,지방,2025-01,2025-06,6,11515.0,7141.0,True,
S3312EB57,6,5,유찰만,2025-12-02 09:00:00,수의계약가능,14069.758,11745.8004,plnm,,,,,,,,광주광역시 광산구 수완동 375 외,주거시설,광주광역시,지방,2026-02,2026-06,5,14070.0,11746.0,False,
S33154434,21,20,유찰만,2025-11-28 09:00:00,수의계약가능,11652.0,4423.2,plnm,,,,,,,,"경기도 양주시 백석읍 오산리산27-6,524-3",주거시설,경기도,수도권,2025-01,2026-06,17,11652.0,4423.0,False,
S34C4A9C1,8,8,유찰만,2025-01-15 09:00:00,유찰,2340.7361,1272.0,plnm,,,,,,,,경상남도 함양군 서하면 다곡리 23번지 외,숙박시설,경상남도,지방,2025-01,2026-06,17,10003.0,9005.0,False,
S3519BD04,24,23,유찰만,2026-04-10 10:00:00,수의계약가능,11010.3324,8200.0,cltr,,,,,,,,경기도포천시 소흘읍 무봉리 산 37-9번지 일원,기타시설,경기도,수도권,2025-01,2026-06,16,15002.0,9000.0,False,
S3625C96E,11,10,유찰만,2024-11-22 09:00:00,수의계약가능,31884.0,18380.5,plnm,,,,,,,,인천광역시 중구 중산동 1944-4번지 일원,숙박시설,인천광역시,수도권,2025-01,2025-04,4,20829.0,18380.0,True,
S3765E522,5,5,유찰만,2025-05-13 10:00:00,유찰,15204.34,9972.0,plnm,,,,,,,,서울특별시 강남구 신사동 523-37번지,상업시설,서울특별시,수도권,2025-04,2025-06,3,15204.0,9972.0,True,
S3780216A,18,17,유찰만,2025-04-24 10:00:00,수의계약가능,175978.24,114805.0,plnm,,,,,,,,인천광역시 서구 청라동 92-1번지(청라국제도시 B3-1BL),업무시설,인천광역시,수도권,2025-02,2026-06,14,175978.0,114805.0,False,
S37DA0FE1,22,21,유찰만,2026-06-25 10:00:00,수의계약가능,46350.73128,27571.0,cltr,,,,,,,,충남 천안시 서북구 성성동 348번지 일원,산업시설,충청남도,지방,2025-08,2026-06,10,46351.0,30628.0,False,
S388BB614,16,16,유찰만,2025-03-21 09:00:00,유찰,6928.92006,3486.3,plnm,,,,,,,,부산광역시 남구 용호동 720-43번지,주거시설,부산광역시,지방,2025-01,2025-05,5,6929.0,3486.0,True,
S3A620A12,19,18,유찰만,2025-12-16 09:00:00,수의계약가능,71124.8775,52004.3,cltr,,,,,,,,"서울특별시 성동구 도선동 20,25,32,33-1,33-2,34",상업시설,서울특별시,수도권,2025-01,2026-06,6,67994.0,52004.0,False,
S3AE309C9,12,11,유찰만,2025-04-22 09:00:00,수의계약가능,4764.59292,2800.0,cltr,,,,,,,,"경상북도 안동시 안막동 540-1번지(토지, 건물)
경상북도 안동시 안막동 540-2번지
경상북도 안동시 안막동 528-2번지
경상북도 안동시 안막동 산91-7번지
경상북도 안동시 안막동 산91-14번지",기타시설,경상북도,지방,2025-04,2025-05,2,4764.0,2800.0,True,
S3B8B627B,7,7,유찰만,2025-08-01 09:00:00,유찰,20366.6107,22758.388,plnm,,,,,,,,전북 정읍시 상평동 23-3번지 일원 토지 및 건물,주거시설,전라북도,지방,2026-03,2026-06,4,20345.0,22758.0,False,
S3DAA7EB3,30,28,유찰만,2026-01-27 09:00:00,수의계약가능,7334.38,4545.0,plnm,,,,,,,,"강서구 범방동 1898-7,9",숙박시설,부산광역시,지방,2025-04,2026-06,14,13550.0,8397.0,False,
S3E2101BE,7,6,유찰만,2025-08-19 10:00:00,수의계약가능,30330.838,19346.0,plnm,,,,,,,,"사천시 실안동 1268, 1268-6, 1268-7, 1268-8, 1268-9",숙박시설,경상남도,지방,2025-07,2025-08,2,30330.0,19346.0,True,
S3EC3E860,8,5,낙찰,2025-03-18 10:00:00,취소,26524.98,11301.6,plnm,11648.41,2025-03-11 10:00:00,26524.98,43.91,100.0,1.0,1.0,"전라남도 광양시 중동 1913,1914",주거시설,전라남도,지방,2025-02,2025-02,1,26525.0,11301.6,True,전체매각추정
S3F538499,7,6,유찰만,2025-06-23 09:00:00,수의계약가능,18501.0,14033.7,plnm,,,,,,,,전남 순천시 장천동 57-1,상업시설,전라남도,지방,2025-08,2026-05,6,18501.0,14033.0,True,
S401AB6DB,21,20,유찰만,2025-09-30 10:00:00,수의계약가능,49460.1788,24500.0,cltr,,,,,,,,전라남도화순군화순읍대리87번지일원,주거시설,전라남도,지방,2025-02,2026-06,16,49460.178,24500.0,False,
S4055BCED,120,120,유찰만,2024-11-26 09:00:00,유찰,582.0,413.071,plnm,,,,,,,,경기도 파주시 와동동 1409,주거시설,경기도,수도권,2025-02,2025-05,4,12708.0,5457.0,True,
S41549F93,56,56,유찰만,2025-08-12 09:00:00,유찰,211.0,139.0,plnm,,,,,,,,경기 남양주시 와부읍 덕소리 557,주거시설,경기도,수도권,2025-05,2025-11,6,45800.0,29550.0,True,
S41596FF1,6,5,유찰만,2025-06-17 10:00:00,수의계약가능,80511.3,61803.452798,cltr,,,,,,,,경기도 용인시 처인구 남사면 통삼리 636-5번지 일원,산업시설,경기도,수도권,2025-04,2026-06,9,80511.3,61803.452798,False,
S419B0AFB,5,3,취소,2025-04-09 09:00:00,취소,,17400.0,cltr,,,,,,,,"대구 서구 내당동 866-9 외 5필지, 위지상 건물",기타시설,대구광역시,지방,2025-02,2025-03,2,26365.0,17400.0,True,
S42364E05,3,2,유찰만,2025-03-25 09:00:00,수의계약가능,14455.936,11000.0,plnm,,,,,,,,경기화성시향남읍하길리1470외1필지,상업시설,경기도,수도권,2026-06,2026-06,1,14455.0,11000.0,False,
S43F81975,8,8,유찰만,2024-12-09 09:00:00,유찰,84422.82,40381.6,plnm,,,,,,,,김포시 풍무동 3-11번지 일원,주거시설,경기도,수도권,2025-02,2025-06,5,84422.0,,True,
S45CB5324,5,5,유찰만,2024-02-20 10:00:00,유찰,87100.0,92959.496481,plnm,,,,,,,,이천시 설성면 자석리 121-1,산업시설,경기도,수도권,2025-02,2025-10,8,87100.0,92959.0,True,
S462CCA2F,31,31,유찰만,2025-09-05 10:00:00,유찰,108341.10004,37017.7,plnm,,,,,,,,대구중구계산동1가2-9번지 외,주거시설,대구광역시,지방,2025-02,2025-10,8,108312.0,37017.0,True,
S47FCEEE0,6,5,취소,2024-05-09 09:00:00,취소,34234.833,20215.0,plnm,,,,,,,,전남 순천시 동외동 35-8외 28필지,주거시설,전라남도,지방,2025-01,2026-06,17,34255.0,34234.0,False,
S492D9709,5,4,유찰만,2025-01-10 09:00:00,수의계약가능,26014.888,21643.1,plnm,,,,,,,,부산광역시 해운대구 중동 145-5번지 외,주거시설,부산광역시,지방,2025-02,2025-02,1,26014.888,21643.1,True,
S4947BBD6,8,8,유찰만,2026-07-21 09:00:00,유찰,,29594.9,cltr,,,,,,,,경상남도 김해시 주촌면 덕암리 993번지 외 1필지,기타시설,경상남도,지방,2026-02,2026-06,5,29594.0,16000.0,False,
S4A4DE53A,20,19,유찰만,2026-07-24 09:00:00,입찰마감,2280.442,1840.0,cltr,,,,,,,,제주 서귀포시 색달동1161번지 외 8필지,주거시설,제주특별자치도,지방,2025-01,2025-05,5,2280.0,1596.0,True,
S4AD594B6,7,6,유찰만,2026-01-20 09:00:00,수의계약가능,65193.976,36500.0,cltr,,,,,,,,부산광역시 중구 광복동1가 7 외 10필지,업무시설,부산광역시,지방,2026-02,2026-06,5,65135.0,36500.0,False,
S4B47A1F9,6,5,낙찰,2026-04-29 09:00:00,유찰,84950.74,70022.6,cltr,65109.8,2026-04-29 09:00:00,84950.74,76.64418226374484,100.0,1.0,1.0,서울특별시 강남구 대치동 603번지 일원,상업시설,서울특별시,수도권,2025-04,2026-06,7,80640.0,65109.0,False,전체매각추정
S4BE3B6ED,8,7,유찰만,2024-12-06 09:30:00,수의계약가능,,4876.7,plnm,,,,,,,,경기 김포시 양촌읍 석모리 933-8외 12필지,주거시설,경기도,수도권,2025-03,2025-04,2,33534.0,4876.0,True,
S4BEEBE72,8,7,유찰만,2025-09-01 09:00:00,수의계약가능,42421.6244,34328.0,plnm,,,,,,,,포천시 어룡동 405,주거시설,경기도,수도권,2025-02,2026-06,16,46573.0,34328.0,False,
S4E26D415,10,9,유찰만,2025-09-01 09:30:00,수의계약가능,2457.755,15000.0,plnm,,,,,,,,광주광역시북구동림동산144일원,주거시설,광주광역시,지방,2025-01,2026-01,11,25582.0,15000.0,True,
S4E510512,30,30,유찰만,2026-05-22 09:00:00,유찰,23020.445,14600.0,plnm,,,,,,,,"강원도 평창군 대관령면 횡계리 산 455, 평창군 대관령면 횡계리 245-7",숙박시설,강원도,지방,2025-07,2026-05,10,23020.0,23500.0,True,
S4EBFED0A,9,8,유찰만,2025-04-23 09:00:00,수의계약가능,,8560.0,plnm,,,,,,,,부산 기장군 기장읍 청강리 109번지,주거시설,부산광역시,지방,2025-02,2025-08,7,17017.0,8560.0,True,
S4F4F1B40,75,57,취소,2026-01-21 10:00:00,취소,8607.984,2706.0,manual,,,,,,,,제주 서귀포시 서호동 1615-11번지 외,상업시설,제주특별자치도,지방,2025-01,2026-06,17,20023.0,,False,
S5038F53F,5,4,낙찰,2025-11-10 09:00:00,낙찰,3200.564,2100.1,plnm,2111.1,2025-11-10 09:00:00,3200.564,65.96024950602455,100.52,1.0,1.0,충북 진천군 덕산읍 신척리 산108,산업시설,충청북도,지방,2025-07,2025-12,3,3169.0,2100.1,True,전체매각추정
S5123A176,8,5,취소,2025-08-14 09:00:00,취소,22103.235,11000.0,plnm,,,,,,,,김천시 덕곡동 1059-8 외13필지,주거시설,경상북도,지방,2025-07,2025-07,1,22103.0,11000.0,True,
S54705827,10,10,유찰만,2025-11-03 09:00:00,유찰,,97973.0,plnm,,,,,,,,서울특별시 금천구 독산동 1030-1,주거시설,서울특별시,수도권,2026-03,2026-03,1,155607.0,91000.0,True,
S5486BF91,6,5,유찰만,2025-05-29 10:00:00,수의계약가능,10122.66,10440.0,plnm,,,,,,,,충남 천안시 동남구 영성동 102-1 외 6,상업시설,충청남도,지방,2025-02,2026-02,12,12519.0,13864.0,True,
S549C5C5D,9,8,유찰만,2025-07-23 09:00:00,수의계약가능,18759.43,8500.0,plnm,,,,,,,,화성시 봉담읍 상리 26-6번지,주거시설,경기도,수도권,2025-08,2025-10,2,18759.0,8500.0,True,
S54F26513,72,59,낙찰,2025-01-03 09:00:00,수의계약가능,455.0,313.9,plnm,346.13,2024-12-27 09:00:00,455.0,76.07,100.41,1.0,1.0,서울시 중랑구 면목동 1547번지,주거시설,서울특별시,수도권,2025-04,2025-05,2,12094.0,9191.44,True,부분매각추정
S550D0D46,32,32,유찰만,2025-04-15 09:00:00,유찰,62688.58,36316.725993,cltr,,,,,,,,"서울특별시 용산구 이태원동 124-3,124-4",업무시설,서울특별시,수도권,2025-02,2026-06,16,62689.0,36317.0,False,
S55F5F23A,8,7,유찰만,2024-12-30 09:00:00,수의계약가능,17226.0,9058.400714,plnm,,,,,,,,경기도 시흥시 신천동 707-30 외,업무시설,경기도,수도권,2025-01,2025-03,3,17226.0,9692.0,True,
S56A638A4,3,2,유찰만,2026-03-04 10:00:00,수의계약가능,61367.61,47000.0,plnm,,,,,,,,울산광역시 남구 달동 1247-3번지 외 7필지,주거시설,울산광역시,지방,2026-05,2026-06,2,61367.0,47000.0,False,
S5722BA55,40,39,유찰만,2025-02-26 09:00:00,수의계약가능,,5540.0,cltr,,,,,,,,경기 평택시 팽성읍 남산리 323-1 외 10필지,주거시설,경기도,수도권,2025-01,2026-06,10,20006.0,5540.0,False,
S57236455,6,6,유찰만,2024-11-26 09:00:00,유찰,32068.16131,26258.1,plnm,,,,,,,,부산 수영구 광안동 89-7번지 외 2필지,주거시설,부산광역시,지방,2025-08,2026-01,3,32032.0,26258.0,True,
S5939DD89,11,11,유찰만,2024-11-12 10:00:00,유찰,100069.5,45360.0,plnm,,,,,,,,경기과천시갈현동과천지식정보타운공동주택지구5-1블록외,상업시설,경기도,수도권,2025-02,2025-05,4,100069.0,45360.0,True,
S5B438CB8,4,4,유찰만,2025-02-06 09:00:00,유찰,5947.11582,4279.17708,plnm,,,,,,,,충청남도 보령시 신흑동  911-75,주거시설,충청남도,지방,2025-03,2026-01,7,5400.0,4279.0,True,
S5CC17A71,8,7,유찰만,2026-05-26 10:00:00,수의계약가능,3131.17,2030.0,plnm,,,,,,,,중구 을왕동 762-4외3필지,숙박시설,인천광역시,수도권,2026-02,2026-06,5,3131.0,2030.0,False,
S5D01398D,9,8,유찰만,2024-12-20 10:00:00,수의계약가능,20544.216,8843.611343,plnm,,,,,,,,충청북도 충주시 동충주산업단지 내 E3-3 BL,산업시설,충청북도,지방,2025-01,2025-02,2,11672.8,8840.0,True,
S5D431712,55,54,유찰만,2026-07-14 09:30:00,수의계약가능,,40812.5,cltr,,,,,,,,대전시 유성구 봉명동 545-1번지 외,주거시설,대전광역시,지방,2025-06,2026-06,12,51591.0,43032.6,False,
S606A899F,9,8,유찰만,2025-06-30 09:00:00,수의계약가능,35302.78528,22511.8,plnm,,,,,,,,부산시 수영구 광안동 141-5외 1필지,주거시설,부산광역시,지방,2025-08,2025-11,3,33915.0,22512.0,True,
S61384ED9,10,10,유찰만,2024-12-04 10:00:00,유찰,30408.3,15900.0,plnm,,,,,,,,"경기 시흥시 능곡동 4007-2,3번지",업무시설,경기도,수도권,2025-02,2025-03,2,30408.0,,True,
S62EAE3ED,8,8,유찰만,2025-02-07 09:00:00,유찰,44029.09836,27088.4,plnm,,,,,,,,충북 제천시 강제동 275번지 일원,주거시설,충청북도,지방,2025-01,2025-06,6,44029.0,27088.0,True,
S64429504,6,6,유찰만,2024-11-19 10:00:00,유찰,40260.05664,26010.0,plnm,,,,,,,,세종특별자치시 장군면 대교리 126-2번지 일원,주거시설,세종특별자치시,지방,2025-01,2025-07,7,43000.0,26010.0,True,
S646E9B5F,10,10,유찰만,2025-07-29 10:00:00,유찰,96308.25,48510.0,plnm,,,,,,,,경기도 여주 삼교지구 복합물류센터 토지 브릿지,상업시설,경기도,수도권,2025-08,2026-06,10,98619.0,48510.0,False,
S648ACBB0,12,11,유찰만,2025-10-01 09:00:00,수의계약가능,47006.65,25853.7,plnm,,,,,,,,인천광역시 부평구 십정동 558-7번지 일원,산업시설,인천광역시,수도권,2025-02,2026-06,10,136302.3045,25853.7,False,
S64D0F5AD,8,8,유찰만,2025-01-13 09:00:00,유찰,7501.775,4050.0,plnm,,,,,,,,충남 세종시 고운동 2097번지,상업시설,충청남도,지방,2025-01,2025-01,1,7600.0,4050.0,True,
S64EAAD1B,6,5,유찰만,2024-06-03 10:00:00,수의계약가능,31036.815,20000.0,plnm,,,,,,,,경상남도 김해시 무계동 82 외,주거시설,경상남도,지방,2025-01,2025-01,1,31036.815,,True,
S64F21DFB,32,22,유찰만,2025-09-03 10:00:00,수의계약가능,78328.4446,45000.0,cltr,,,,,,,,계룡시 두마면 농소리 1017-1번지,상업시설,충청남도,지방,2025-02,2025-11,9,78328.0,45000.0,True,
S66288477,18,18,유찰만,2025-05-01 10:00:00,유찰,55082.3,27500.0,cltr,,,,,,,,부산광역시 해운대구 우동 645-1,주거시설,부산광역시,지방,2025-01,2025-12,11,46971.28,28000.0,True,
S6633AC5C,10,10,유찰만,2025-01-17 09:00:00,유찰,22733.0805,11100.0,plnm,,,,,,,,경남 양산시 어곡동 603번지 일원,주거시설,경상남도,지방,2025-01,2025-06,6,22733.0,11100.0,True,
S666BA650,8,7,유찰만,2024-07-05 09:30:00,수의계약가능,,10500.0,plnm,,,,,,,,서울 마포구 염리동   27-91,주거시설,서울특별시,수도권,2025-01,2025-03,3,27230.0,10500.0,True,
S66E2E2BA,130,129,유찰만,2025-01-09 09:00:00,유찰,318.0,144.3,plnm,,,,,,,,경기 용인시 기흥구 하갈동 309-5외,주거시설,경기도,수도권,2025-01,2025-02,2,3514.0,1600.0,True,
S6705EA92,16,15,유찰만,2025-04-22 10:00:00,수의계약가능,9734.806,25000.0,cltr,,,,,,,,"경기도여주시가남읍신해리406-10,406-11번지",산업시설,경기도,수도권,2025-01,2025-05,5,43555.0,25000.0,True,
S6711F1A4,8,8,유찰만,2024-12-30 10:00:00,유찰,32060.3085,21500.0,plnm,,,,,,,,경상북도 포항시 남구 상도동 643-1번지 일원,주거시설,경상북도,지방,2025-02,2025-03,2,32060.3085,21500.0,True,
S6724CA4D,17,16,유찰만,2024-11-15 10:00:00,수의계약가능,41081.1304,27792.36253,plnm,,,,,,,,울산광역시 남구 삼산동 227-8 일원,주거시설,울산광역시,지방,2025-02,2025-08,6,41081.1304,11300.0,True,
S6984B94E,7,6,유찰만,2024-06-25 09:00:00,수의계약가능,,781.7,cltr,,,,,,,,강원도 춘천시 죽림동 7-1번지,주거시설,강원도,지방,2025-01,2025-01,1,39579.7192,18966.9,True,
S6A7E38EF,5,5,유찰만,2025-11-28 09:00:00,유찰,4735.021,3390.0,plnm,,,,,,,,경상북도 영덕군 강구면 삼사리 9-12 외,상업시설,경상북도,지방,2026-02,2026-06,5,4735.0,3390.0,False,
S6ACAE164,6,5,유찰만,2025-02-06 09:00:00,수의계약가능,12621.282,6300.0,plnm,,,,,,,,경기도 용인시 기흥구 상하동282-5번지  외 4필지,주거시설,경기도,수도권,2025-01,2025-04,4,12621.0,6300.0,True,
S6AEC9D1E,11,9,유찰만,2025-03-06 09:30:00,유찰,38098.9167,30000.0,cltr,,,,,,,,서대문구 대현동 40-7 외,주거시설,서울특별시,수도권,2025-01,2025-07,7,38099.0,30000.0,True,
S6E0AA54E,10,9,유찰만,2025-10-17 09:30:00,수의계약가능,,15000.0,plnm,,,,,,,,광주광역시 북구 동림동 219-1번지 외,주거시설,광주광역시,지방,2026-02,2026-06,5,25582.0,15000.0,False,
S6E985FD4,21,20,유찰만,2026-05-14 09:00:00,수의계약가능,12069.18692,5050.0,cltr,,,,,,,,전남 목포시 상동 1139-9번지,숙박시설,전라남도,지방,2025-01,2025-01,1,12069.18692,5611.01,True,
S6EBAD9FF,6,5,유찰만,2025-01-03 09:30:00,수의계약가능,36017.654,26000.0,plnm,,,,,,,,경기도안성시원곡면지문리769번지일원,산업시설,경기도,수도권,2025-01,2025-08,8,36017.654,26000.0,True,
S6FD9662F,10,10,유찰만,2025-01-17 10:00:00,유찰,82709.28,58970.0,plnm,,,,,,,,서울시 영등포구 대림동 993-15,주거시설,서울특별시,수도권,2025-01,2025-08,7,82709.0,58970.0,True,
S6FFB55E7,5,4,유찰만,2026-06-25 09:00:00,수의계약가능,96218.0,70486.7,cltr,,,,,,,,제주특별자치도 제주시 한경면 낙천리 927 일원,주거시설,제주특별자치도,지방,2026-04,2026-06,3,100072.0,70486.7,False,
S70FC96EC,6,5,유찰만,2025-04-22 10:00:00,수의계약가능,2967.372,2200.0,cltr,,,,,,,,청주시 흥덕구 가경동 1010,주거시설,충청북도,지방,2025-02,2025-06,5,2967.0,2200.0,True,
S71494D22,8,8,유찰만,2025-08-06 10:00:00,유찰,45006.21954,28000.0,plnm,,,,,,,,대전광역시유성구용계동163-1번지외,업무시설,대전광역시,지방,2025-02,2026-06,16,45006.21954,23000.0,False,
S7189CA08,16,8,유찰만,2024-11-29 09:00:00,유찰,3580.0,2210.073679,manual,,,,,,,,"동구 옥천로153 유진프라자, 501호, 602호",기타시설,대전광역시,지방,2025-08,2025-08,1,3580.0,2065.0,True,
S733B018F,6,6,유찰만,2025-03-17 12:00:00,유찰,90580.90046,65299.0,plnm,,,,,,,,서울특별시 동작구 노량진동 128-2,주거시설,서울특별시,수도권,2025-04,2025-05,2,90581.0,59700.0,True,
S73FDC11C,6,1,취소,2025-04-29 10:00:00,취소,5584.55,4300.0,plnm,,,,,,,,고창읍 읍내리 654-3 외 3필지,상업시설,전라북도,지방,2025-02,2025-12,8,5584.0,4300.0,True,
S75A6FAAE,8,8,유찰만,2024-12-27 10:00:00,유찰,26524.98,12562.8,plnm,,,,,,,,전남 광양시 중동 1913  1914,주거시설,전라남도,지방,2025-01,2025-01,1,26524.98,12562.8,True,
S75F5FE52,6,6,유찰만,2025-04-29 09:00:00,유찰,18208.248,14772.0,plnm,,,,,,,,충청남도 금산군 금성면 양전리 48-3,주거시설,충청남도,지방,2025-02,2025-05,4,18208.0,14772.0,True,
S76D8C9CD,15,15,유찰만,2025-11-04 09:00:00,유찰,103506.81,57050.541572,plnm,,,,,,,,서울시 종로구 평창동 81-1외 14필지,주거시설,서울특별시,수도권,2025-04,2026-06,7,103506.0,3132.0,False,
S76E223E7,6,6,유찰만,2026-02-10 10:00:00,유찰,51283.67602,44039.037561,plnm,,,,,,,,충남천안시동남구중앙로39외26필지,주거시설,충청남도,지방,2025-02,2026-06,7,51284.0,44039.0,False,
S76E552D2,621,621,유찰만,2025-01-10 10:00:00,유찰,650.0,517.8,plnm,,,,,,,,세종특별자치시 대평동 698,주거시설,세종특별자치시,지방,2025-01,2025-02,2,59875.0,32218.0,True,
S77F2193F,17,16,유찰만,2025-02-18 09:00:00,수의계약가능,6412.9008,3163.5,cltr,,,,,,,,경기 김포시 양촌읍 양곡리 475-25 외 3필지,업무시설,경기도,수도권,2025-01,2025-08,8,6413.0,3164.0,True,
S78637C33,16,16,유찰만,2024-12-24 10:00:00,유찰,3503.066,1681.0,plnm,,,,,,,,"제주 서귀포시 서호동 1615-2, 1615-5",산업시설,제주특별자치도,지방,2025-02,2026-02,12,11654.0,5589.0,True,
S78C9AF69,14,14,유찰만,2025-09-25 09:00:00,유찰,100933.0,52000.0,plnm,,,,,,,,안산시 단원구 성곡동 821,주거시설,경기도,수도권,2025-10,2026-06,7,100933.0,52000.0,False,
S78FE5AE7,6,6,유찰만,2024-06-07 09:30:00,유찰,8514.32,5200.0,plnm,,,,,,,,경기 용인시 처인구 역북동 436-6번지,업무시설,경기도,수도권,2025-01,2025-01,1,8526.312,,True,
S79663507,18,12,취소,2026-01-29 10:00:00,취소,800.235,495.0,cltr,,,,,,,,대전광역시 중구 태평동 413-14번지 일대,주거시설,대전광역시,지방,2025-05,2026-05,12,800.0,495.0,True,
S7A850E02,7,6,유찰만,2025-10-24 10:00:00,수의계약가능,24725.2452,14095.0,plnm,,,,,,,,경북 영천시 조교동 352번지 외,주거시설,경상북도,지방,2025-01,2026-06,17,22947.0,,False,
S7B2459C0,225,225,유찰만,2026-05-22 09:00:00,유찰,4207.008,1236.5,plnm,,,,,,,,거제시 고현동 1167번지 일원,기타시설,경상남도,지방,2026-05,2026-06,2,314465.0,101704.0,False,
S7B4AEEAD,6,5,유찰만,2024-12-31 10:00:00,수의계약가능,5963.848,4700.0,cltr,,,,,,,,제주도 서귀포시 대정읍 보성리 2476-8,상업시설,제주특별자치도,지방,2025-02,2026-06,15,5964.0,4700.0,False,
S7B5B873C,120,120,유찰만,2025-08-19 09:00:00,유찰,1880.0,1583.772912,plnm,,,,,,,,경기도 시흥시 도창동 508-18번지 매화프라자 103호 외 11개호,상업시설,경기도,수도권,2025-05,2025-08,4,12652.0,45887.0,True,
S7B93A15E,19,19,유찰만,2026-02-23 09:00:00,유찰,,3831.5,plnm,,,,,,,,부산광역시 기장군 일광읍 삼성리 890-5대지,기타시설,부산광역시,지방,2025-01,2026-05,16,6982.0,3831.0,True,
S7BCF3A8A,10,10,유찰만,2025-03-07 09:00:00,유찰,11003.584,4346.0,plnm,,,,,,,,경기도 용인시 처인구 역북동 89-2 외,기타시설,경기도,수도권,2025-01,2026-06,17,11877.0,1188.0,False,
S7CEB3948,5,4,유찰만,2024-11-11 09:00:00,수의계약가능,30512.26569,21877.3,plnm,,,,,,,,서울 중구 황학동 372-3 일원,주거시설,서울특별시,수도권,2025-02,2026-06,16,30512.0,21877.0,False,
S7D66F4F9,10,9,낙찰,2025-01-27 10:00:00,낙찰,22940.94,9360.0,cltr,9378.0,2025-01-27 10:00:00,22940.94,40.88,100.19,1.0,1.0,"경기 양주시 고암동 486-1, 486-2, 486-4, 486-7, 486-8, 486-9",주거시설,경기도,수도권,2025-01,2025-01,1,22940.94,9360.0,True,전체매각추정
S7E041E01,7,6,유찰만,2026-04-01 09:00:00,수의계약가능,125842.435215,80247.591,cltr,,,,,,,,중구 유천동 299-5번지 일원,주거시설,대전광역시,지방,2025-10,2025-11,2,125842.0,80248.0,True,
S802F23A4,8,8,유찰만,2025-12-26 09:00:00,유찰,0.0,4600.0,pbct;plnm,,,,,,,,전라남도 광양시 황금동 21-12번지 일원,주거시설,전라남도,지방,2025-01,2026-04,15,7583.0,4600.0,True,
S8071D976,42,42,유찰만,2025-06-19 09:00:00,유찰,45634.81814,28865.158603,manual,,,,,,,,"남구 삼산동 1638-4, 1638-5, 1638-9, 1638-10, 1638-11",주거시설,울산광역시,지방,2025-01,2025-08,8,45635.0,28895.0,True,
S807B9B5A,6,6,유찰만,2025-09-23 09:00:00,유찰,212250.40031,130000.0,plnm,,,,,,,,천안시 서북구 쌍용동 200-3,주거시설,충청남도,지방,2025-12,2026-06,7,212250.0,130000.0,False,
S81B561BC,7,7,유찰만,2025-09-24 09:00:00,유찰,38509.656,30698.5,cltr,,,,,,,,경기도 남양주시 진접읍 장현리 88 외,주거시설,경기도,수도권,2025-08,2026-04,4,38509.656,30698.5,True,
S81CF70A3,19,18,유찰만,2025-01-27 09:00:00,수의계약가능,6504.696,3895.0,manual,,,,,,,,경북 예천군 호명면 산합리 1153,업무시설,경상북도,지방,2025-01,2025-06,6,6504.0,3895.0,True,
S8347934C,16,15,유찰만,2026-01-23 09:00:00,수의계약가능,36275.68,28882.0,plnm,,,,,,,,경기도 동두천시 송내동 517-1,주거시설,경기도,수도권,2025-12,2026-06,6,36275.68,28882.0,False,
S83864343,8,8,유찰만,2025-02-11 10:00:00,유찰,18413.478,11889.9,plnm,,,,,,,,경기도 양주시 광사동 718,주거시설,경기도,수도권,2025-02,2025-04,3,18414.0,,True,
S84017898,5,4,유찰만,2025-05-19 10:00:00,수의계약가능,18201.26,12500.0,plnm,,,,,,,,동구 신천동 77-1 외,주거시설,대구광역시,지방,2025-05,2025-05,1,18201.0,12500.0,True,
S859CF593,5,4,유찰만,2025-05-08 09:00:00,수의계약가능,,51600.0,plnm,,,,,,,,대구광역시 수성구 범어동 217-7 일원,상업시설,대구광역시,지방,2025-02,2026-06,11,72398.0,4126.0,False,
S85DB4362,8,7,유찰만,2025-01-02 10:00:00,수의계약가능,13474.956,6459.0,plnm,,,,,,,,전남 여수시 오림동 373외 17필지,주거시설,전라남도,지방,2025-01,2026-06,17,13475.0,13500.0,False,
S865E5E63,10,10,유찰만,2024-12-16 09:00:00,유찰,7668.144,4678.145451,plnm,,,,,,,,강화군 길상면 초지리 1251-326,상업시설,인천광역시,수도권,2025-01,2025-08,8,7668.0,4500.0,True,
S8799E1AA,196,182,낙찰,2025-03-14 10:00:00,수의계약가능,1110.0,353.28,cltr;plnm,504.39,2025-03-14 10:00:00,1110.0,45.44,100.01,1.0,1.0,경기 화성시 청계동 564,상업시설,경기도,수도권,2025-01,2025-02,2,15200.0,4559.0,True,부분매각추정
S87BCABB1,23,21,유찰만,2025-06-30 09:00:00,수의계약가능,1299.0,289.0,plnm,,,,,,,,"경기 부천시 괴안동 119-18, -23, -20",주거시설,경기도,수도권,2025-01,2025-08,8,1654.0,289.0,True,
S87CD91BB,6,6,유찰만,2025-09-22 09:00:00,유찰,76785.156,48000.0,plnm,,,,,,,,대구광역시 중구 태평로2가 37-3번지 일원,주거시설,대구광역시,지방,2025-03,2026-04,4,100200.0,67069.0,True,
S88E0ABC2,3,2,유찰만,2025-07-07 09:00:00,수의계약가능,17543.2,15000.1,cltr,,,,,,,,서울특별시 용산구 갈월동 98-13,주거시설,서울특별시,수도권,2025-01,2025-08,8,17543.0,15000.0,True,
S896EAC7F,15,15,유찰만,2025-03-20 09:00:00,유찰,3727.0,1890.0,plnm,,,,,,,,서울특별시 금천구 시흥동 882-44번지,주거시설,서울특별시,수도권,2025-01,2025-05,5,3727.0,1966.0,True,
S89836F99,12,12,유찰만,2024-09-02 10:00:00,유찰,52017.493,35391.815623,plnm,,,,,,,,경상남도 거제시 고현동 1153번지 외 1필지,주거시설,경상남도,지방,2025-02,2025-03,2,91736.0,33030.0,True,
S899E96A9,10,9,유찰만,2025-07-22 10:00:00,수의계약가능,33509.33977,21176.380167,plnm,,,,,,,,대구광역시 달성군 화원읍 천내리 412-2번지,주거시설,대구광역시,지방,2025-03,2026-01,7,46008.0,21176.0,True,
S89A5BE07,12,0,취소,2025-01-02 09:30:00,취소,65952.25,48768.0,plnm,,,,,,,,경기 화성시 진안동 939-7번지 외 4필지,기타시설,경기도,수도권,2025-04,2026-06,7,65952.0,56289.0,False,
S8A488F65,8,8,유찰만,2025-02-27 09:00:00,유찰,3301.1816,1600.0,plnm,,,,,,,,서울시 송파구 송파동 174-13,주거시설,서울특별시,수도권,2025-02,2025-08,4,3301.0,1590.0,True,
S8AC371A9,11,10,유찰만,2025-03-25 09:00:00,수의계약가능,,21000.0,plnm,,,,,,,,경남 사천시 용현면 송지리16번지 외 43필지,주거시설,경상남도,지방,2025-02,2025-08,7,27303.0,21000.0,True,
S8ADCD718,5,4,유찰만,2026-01-19 09:00:00,수의계약가능,36351.441,24202.7,cltr,,,,,,,,제주시 구좌읍 월정리 1919,주거시설,제주특별자치도,지방,2025-03,2026-06,14,36351.0,24202.0,False,
S8BF5F06F,8,7,유찰만,2025-08-05 09:00:00,수의계약가능,11762.335,6188.476964,plnm,,,,,,,,경기도 용인시 수지구 신봉동 481 외,주거시설,경기도,수도권,2025-08,2026-06,9,14297.0,9053.0,False,
S8C7212F3,6,5,유찰만,2025-06-02 10:00:00,수의계약가능,58594.15199,58000.0,plnm,,,,,,,,울산광역시 울주군 온양읍 발리 299-1번지 일원,주거시설,울산광역시,지방,2025-12,2026-02,3,58594.0,58000.0,True,
S8C87574D,11,11,유찰만,2025-03-25 09:00:00,유찰,22353.0,13500.0,plnm,,,,,,,,"부천시 괴안동 111-47, 111-48",주거시설,경기도,수도권,2025-01,2025-08,7,18656.0,13500.0,True,
S8CC3E24B,8,7,유찰만,2025-04-24 09:00:00,수의계약가능,76474.16,41800.1,plnm,,,,,,,,포항시 북구 흥해읍 곡강리 산 148-2,주거시설,경상북도,지방,2025-04,2026-06,3,76474.0,34400.0,False,
S8D9E41DC,5,4,유찰만,2025-06-04 09:00:00,수의계약가능,28324.0,20809.0,plnm,,,,,,,,파주시 문사업 내포리 1634,주거시설,경기도,수도권,2025-02,2025-08,7,28324.0,20809.0,True,
S8E09C96E,12,12,유찰만,2025-03-25 10:00:00,유찰,55626.256,17456.108554,cltr,,,,,,,,강원도 원주시 반곡동 1858-4,산업시설,강원도,지방,2025-01,2026-06,11,55626.256,17456.108554,False,
S8F24B93D,18,16,유찰만,2026-04-15 09:00:00,수의계약가능,32157.54,18310.0,cltr;plnm,,,,,,,,인천광역시 중구 운북동 1274-2,업무시설,인천광역시,수도권,2025-12,2026-06,7,32157.0,18310.0,False,
S8F445778,9,9,유찰만,2024-12-02 09:00:00,유찰,6827.8563,5640.0,plnm,,,,,,,,경기도 용인시 처인구 남동 480-22외 5필지,주거시설,경기도,수도권,2025-01,2025-02,2,9822.0,5640.0,True,
S8FC6A518,7,7,유찰만,2024-12-26 09:00:00,유찰,17808.8106,9629.0,plnm,,,,,,,,경기 용인시 수지구 동천동 1-1외,주거시설,경기도,수도권,2025-01,2025-05,5,17809.0,9629.0,True,
S8FDBDC74,5,5,유찰만,2026-07-16 09:00:00,유찰,,17160.2,cltr,,,,,,,,경상남도 김해시 어방동 998-17,기타시설,경상남도,지방,2025-08,2026-06,7,24043.0,15787.0,False,
S90468CA7,8,7,유찰만,2026-03-24 10:00:00,수의계약가능,,3557.02,plnm,,,,,,,,울산 남구 신정동 758-2 일원,주거시설,울산광역시,지방,2026-05,2026-06,2,3526.0,3557.0,False,
S924C3837,440,386,낙찰,2025-11-11 09:00:00,수의계약가능,,93.3,cltr;plnm,107.38,2025-11-10 09:00:00,,,100.07,1.0,1.0,경기도 용인시 처인구 삼가동 197-2,주거시설,경기도,수도권,2025-01,2026-06,17,9551.0,5099.9,False,범위불명
S93210B34,10,9,유찰만,2025-10-14 10:00:00,수의계약가능,309991.84,234000.0,cltr,,,,,,,,서울특별시 강남구 논현동 114,주거시설,서울특별시,수도권,2025-02,2026-06,16,277789.0,234000.0,False,
S9357F055,9,8,유찰만,2025-03-26 09:00:00,수의계약가능,768.163,357.0,manual,,,,,,,,"인천광역시 미추홀구 주안동 69-6,-29",주거시설,인천광역시,수도권,2025-01,2025-05,5,768.0,357.0,True,
S944DE5D0,9,9,유찰만,2025-01-23 09:30:00,유찰,29127.12,16445.5,plnm,,,,,,,,경기도파주시와동동1456일원,업무시설,경기도,수도권,2025-02,2025-07,6,29127.12,16445.5,True,
S95AB5C20,6,5,유찰만,2025-02-19 09:00:00,수의계약가능,,4994.6,cltr,,,,,,,,부산광역시 북구 구포동 1020-2,업무시설,부산광역시,지방,2025-01,2026-06,17,7576.0,4994.0,False,
S9637D1A5,39,32,낙찰,2026-05-14 10:00:00,수의계약가능,570.0,3242.3,cltr,3811.111,2025-09-17 09:00:00,6583.6185,57.887786177160784,103.0,3.0,1.0,부산 동래구 수안동 4-14,주거시설,부산광역시,지방,2025-02,2025-12,10,4488.0,3447.0,True,전체매각추정
S968BF31E,28,14,유찰만,2025-06-23 09:00:00,유찰,71441.28,50000.0,cltr,,,,,,,,서울 강남구 삼성동70-1번지,상업시설,서울특별시,수도권,2025-01,2025-01,1,71441.28,,True,
S9696E01E,5,5,유찰만,2025-05-30 09:00:00,유찰,21181.207,14500.0,plnm,,,,,,,,화성시 장안면 장안리 산 36-1,상업시설,경기도,수도권,2025-08,2026-02,6,21181.0,,True,
S96AA97D3,1,0,유찰만,2025-03-11 10:00:00,수의계약가능,25509.06592,17000.0,plnm,,,,,,,,여수시 나진리 화양면 산368,숙박시설,전라남도,지방,2025-02,2025-08,7,25500.0,17000.0,True,
S971D3942,18,18,유찰만,2025-03-10 09:00:00,유찰,36188.02139,18800.0,plnm,,,,,,,,경북포항시북구우현동379번지외25필지,주거시설,경상북도,지방,2025-01,2025-06,6,36188.0,18800.0,True,
S974C3B84,14,14,유찰만,2024-11-20 09:00:00,유찰,,31694.4,plnm,,,,,,,,강원 양양군 현북면 하광정리 591외,숙박시설,강원도,지방,2025-01,2025-04,4,100387.0,53706.0,True,
S978EF55A,8,7,유찰만,2025-01-14 10:00:00,수의계약가능,312908.8,225000.0,plnm,,,,,,,,서울시 강남구 논현동 16번지,상업시설,서울특별시,수도권,2025-01,2025-11,10,312909.0,225500.0,True,
S97DFA8E7,28,25,유찰만,2026-03-13 09:00:00,수의계약가능,77660.52,39000.0,cltr;plnm,,,,,,,,울산광역시 북구 중산동 938번지 일원,주거시설,울산광역시,지방,2025-02,2026-06,16,95869.0,38000.0,False,
S97F002D8,5,4,유찰만,2026-02-20 09:00:00,수의계약가능,23292.2101,10069.0,plnm,,,,,,,,경기도 포천시 동교동 645-4외 11필지,기타시설,경기도,수도권,2026-02,2026-06,5,23292.0,10069.0,False,
S9801538A,21,20,유찰만,2025-01-09 09:00:00,수의계약가능,20738.86565,8550.0,cltr,,,,,,,,"여주시 연라동 151-3, 151-7, 151-6, 152-4, 146-1, 146-2",산업시설,경기도,수도권,2025-01,2025-04,4,20739.0,8550.0,True,
S98C1BE88,8,8,유찰만,2024-12-27 09:00:00,유찰,15165.0,8501.0,plnm,,,,,,,,부산 영도구 영선동4가1-1번지,업무시설,부산광역시,지방,2025-01,2025-02,2,15165.0,8501.0,True,
S9923FE3B,38,27,유찰만,2026-06-16 10:00:00,입찰마감,1870.036,692.992561,cltr,,,,,,,,북구 명촌동689-7,업무시설,울산광역시,지방,2025-01,2026-06,17,1870.0,692.0,False,
S992EA770,8,6,낙찰,2025-05-19 09:00:00,취소,,1102.3,cltr,1175.0,2025-05-14 09:00:00,,,100.47,1.0,1.0,"경기도 고양시 덕양구 동산동 47-59,-64",주거시설,경기도,수도권,2025-02,2025-05,4,2071.0,1102.0,True,범위불명
S9BA124BF,7,6,유찰만,2025-02-05 09:00:00,수의계약가능,20060.357,11750.0,plnm,,,,,,,,아산시 탕정면 용두리 730-1,업무시설,충청남도,지방,2025-01,2025-05,5,20060.0,11750.0,True,
S9BDC536C,16,15,낙찰,2026-02-24 09:00:00,낙찰,,32400.0,cltr,32450.0,2026-02-24 09:00:00,,,100.15,1.0,1.0,"부산광역시 해운대구 송정동 297-83 외 297-77,-79,-81,-82,-127,-128",숙박시설,부산광역시,지방,2025-08,2026-02,6,42297.0,32500.0,True,범위불명
S9D6A332C,21,16,유찰만,2026-03-20 10:00:00,수의계약가능,140736.0,90500.0,cltr,,,,,,,,서울시 강남구 도곡동 946-11번지 일원,주거시설,서울특별시,수도권,2025-03,2026-06,6,140736.0,90500.0,False,
S9F83AD5A,8,7,유찰만,2025-07-11 10:00:00,수의계약가능,484458.287,240000.0,plnm,,,,,,,,경기도용인시처인구포곡읍삼계리46번지일원,산업시설,경기도,수도권,2025-05,2026-06,13,484386.0,240000.0,False,
SA06664CD,6,5,유찰만,2025-06-30 09:00:00,수의계약가능,13097.23882,8444.007,plnm,,,,,,,,충남 천안시 동남구 대흥동 105-3번지 외,숙박시설,충청남도,지방,2026-05,2026-06,2,14600.0,8444.0,False,
SA0D1BEBC,23,23,유찰만,2025-04-24 10:00:00,유찰,52480.0,36812.172305,cltr,,,,,,,,안양시 만안구 안양동 42-4,주거시설,경기도,수도권,2025-08,2025-08,1,52480.0,36800.0,True,
SA14478A6,56,55,유찰만,2026-06-08 10:00:00,수의계약가능,18437.73,8807.2,cltr,,,,,,,,경기도 평택시 신장동 690-87 외,주거시설,경기도,수도권,2025-02,2026-06,10,18437.0,8807.0,False,
SA1E138A5,19,19,유찰만,2025-06-23 09:00:00,유찰,16436.0959,9486.0,cltr,,,,,,,,강원도 원주시 단구동 128-1 외 14,주거시설,강원도,지방,2025-04,2026-01,9,16436.0,9486.0,True,
SA3EBCF2F,55,50,유찰만,2025-06-16 09:00:00,수의계약가능,0.0,13584.3,cltr,,,,,,,,"부산 사하구 다대동 96-2, 1601-2, 1601-4",상업시설,부산광역시,지방,2025-01,2025-08,7,46781.0,13584.0,True,
SA4EA3A53,14,14,유찰만,2025-01-13 10:00:00,유찰,12986.78373,7771.0,plnm,,,,,,,,"안산시 상록구 일동 119-1, 119-2, 120-5",주거시설,경기도,수도권,2025-02,2025-08,6,12986.0,6800.0,True,
SA66B8BCD,15,14,유찰만,2025-08-18 10:00:00,수의계약가능,884205.0,46000.0,plnm,,,,,,,,부산광역시해운대구송정동349외9필지일원,숙박시설,부산광역시,지방,2025-01,2026-01,12,88420.5,46000.0,True,
SA6CCD1D8,7,7,유찰만,2025-06-05 10:00:00,유찰,80241.1281,45567.0,plnm,,,,,,,,남구 신정동 1238-1 외 18필지,주거시설,울산광역시,지방,2025-02,2026-06,11,80242.0,45567.0,False,
SA70D4501,25,25,유찰만,2025-04-09 08:50:00,유찰,19138.99863,7263.87,plnm,,,,,,,,전남 여수시 둔덕동 471-10 외 23필지,주거시설,전라남도,지방,2025-01,2025-05,5,19912.0,7006.0,True,
SA8490C3A,7,7,유찰만,2025-06-03 10:00:00,유찰,129144.988,85104.847544,manual,,,,,,,,부산 사상구 모라동 270-3 외 25필지,주거시설,부산광역시,지방,2025-01,2025-06,6,145523.0,,True,
SA8FECD82,30,30,유찰만,2026-07-14 09:00:00,유찰,75048.0,48674.0,plnm,,,,,,,,경기도 시흥시 정왕동 2727,상업시설,경기도,수도권,2025-02,2026-06,16,75048.0,48674.0,False,
SA9E2F2E1,58,57,유찰만,2026-06-17 09:00:00,수의계약가능,11552.0,3328.5,manual,,,,,,,,경산시 하양읍 서사리 329,상업시설,경상북도,지방,2025-01,2025-03,3,11552.0,5052.0,True,
SA9F1949A,51,51,유찰만,2026-07-21 09:00:00,유찰,,21416.4,manual,,,,,,,,인천 남동구 간석동 280-11 외,주거시설,인천광역시,수도권,2025-02,2025-04,3,27105.0,13309.0,True,
SAA237D55,6,6,유찰만,2025-04-30 09:00:00,유찰,13097.23882,9196.88175,plnm,,,,,,,,충남 천안시 동남구 대흥동 105-3지번,주거시설,충청남도,지방,2025-04,2025-08,2,13097.0,9197.0,True,
SAA5702D3,31,23,낙찰,2025-02-28 09:10:00,수의계약가능,0.0,10018.0,cltr,10055.0,2024-09-11 09:00:00,0.0,,100.37,1.0,1.0,경기 양주시 남면 입암리 92-8,산업시설,경기도,수도권,2025-02,2025-04,3,23942.0,10018.0,True,부분매각추정
SAB8E754B,22,10,취소,2026-06-26 09:00:00,취소,31891.908,17371.0,cltr,,,,,,,,전라북도 군산시 구암동 355-10번지 일원,주거시설,전라북도,지방,2026-03,2026-06,4,31892.0,19300.0,False,
SABAF7D0B,55,48,유찰만,2026-02-24 10:00:00,수의계약가능,20280.06,6908.186,cltr,,,,,,,,경기 안성시 죽산면 장계리 산124-1 외 23필지,산업시설,경기도,수도권,2025-01,2026-06,14,20280.0,6908.0,False,
SAD555B9C,1062,1012,유찰만,2025-10-24 10:00:00,수의계약가능,355.0,241.013295,plnm,,,,,,,,부산광역시 연제구 연산동 708-1 외,업무시설,부산광역시,지방,2025-02,2026-06,16,76085.0,39356.0,False,
SADB9413D,6,6,유찰만,2025-11-21 10:00:00,유찰,33868.422,30632.0,plnm,,,,,,,,경남 함안군 군북면 월촌리 2059번지,산업시설,경상남도,지방,2026-02,2026-06,5,33868.0,30632.0,False,
SAE805988,9,8,유찰만,2024-12-06 09:00:00,수의계약가능,,8500.0,plnm,,,,,,,,전주시덕진구 만성동 1345-1,상업시설,전라북도,지방,2025-01,2025-06,6,11999.0,8500.0,True,
SAEA34291,8,7,유찰만,2024-12-17 09:00:00,수의계약가능,6703.59,3248.0,plnm,,,,,,,,"경기도동두천시지행동383-2,383-9,383-12,383-13",주거시설,경기도,수도권,2026-05,2026-06,2,6703.0,3248.0,False,
SAF267246,6,5,유찰만,2026-05-08 10:00:00,유찰,1458.0,1101.0,cltr,,,,,,,,"경기도 부천시 심곡동 100-2번지 1201호, 1301호, 1302호",주거시설,경기도,수도권,2026-05,2026-06,2,1458.0,1075.0,False,
SB01A9807,7,7,유찰만,2025-02-12 09:00:00,유찰,10790.286,5850.0,plnm,,,,,,,,부산 남구 용호동 산95-4 외,주거시설,부산광역시,지방,2025-04,2025-08,5,10790.0,5850.0,True,
SB080EDF8,7,6,유찰만,2025-10-22 10:00:00,수의계약가능,28984.51,18486.0,cltr,,,,,,,,"경기 수원시 영통구 원천동417-2, -13번지",업무시설,경기도,수도권,2025-06,2026-02,7,27104.0,18486.0,True,
SB34D1AAA,4,3,유찰만,2024-11-05 09:30:00,수의계약가능,47180.8,19801.0,cltr,,,,,,,,서울시 종로구 평창동 492-6 외,주거시설,서울특별시,수도권,2025-02,2026-06,8,47180.8,19801.0,False,
SB4717DE9,19,19,유찰만,2025-05-08 09:00:00,유찰,15081.0,6700.0,cltr,,,,,,,,사하구 괴정동 947-1번지,업무시설,부산광역시,지방,2025-01,2025-05,5,15081.0,8014.0,True,
SB496FDA8,10,9,유찰만,2026-05-27 09:00:00,수의계약가능,7089.27224,3621.200654,plnm,,,,,,,,강원 양양군 강현면 주청리 2-5 일원,주거시설,강원도,지방,2026-05,2026-05,1,7615.0,3621.0,True,
SB529D910,6,3,취소,2025-12-19 10:00:00,취소,10023.098,7104.0,plnm,,,,,,,,경북 문경시 신기동 67-37번지,주거시설,경상북도,지방,2026-02,2026-02,1,10023.0,7104.0,True,
SB57D1A2B,5,4,유찰만,2025-08-21 10:00:00,수의계약가능,52700.0,32010.0,plnm,,,,,,,,경기도 이천시 설성면 자석리 245-7,산업시설,경기도,수도권,2025-12,2026-06,7,52700.0,32010.0,False,
SB647D174,11,10,유찰만,2025-02-25 10:00:00,수의계약가능,181166.88,12631.0,plnm,,,,,,,,부산광역시 강서구 대저1동 2347-2 외 5필지,주거시설,부산광역시,지방,2025-01,2025-05,5,30194.0,12631.0,True,
SB648E4B0,10,9,유찰만,2024-12-31 09:30:00,수의계약가능,,44563.0,plnm,,,,,,,,서울시 강서구 공항동 45-99 외,산업시설,서울특별시,수도권,2025-01,2025-04,4,68332.0,44563.0,True,
SB6940DF9,20,20,유찰만,2025-05-27 10:00:00,유찰,34822.6723,12803.8,plnm,,,,,,,,대전광역시 서구 복수동 192-10외 10필지,주거시설,대전광역시,지방,2025-02,2025-06,5,34822.7,14239.0,True,
SB7611EFB,6,6,유찰만,2024-11-08 10:00:00,유찰,55398.98,42526.6,plnm,,,,,,,,서울특별시 강남구 도곡동 515-13번지 일원,주거시설,서울특별시,수도권,2025-02,2025-04,3,55398.0,42527.0,True,
SB7D11B4E,5,5,유찰만,2024-06-26 10:00:00,유찰,78944.896,52040.0,plnm,,,,,,,,전남순천시해룡면신대리1973,업무시설,전라남도,지방,2025-01,2025-05,5,81930.0,40965.0,True,
SB9E6D085,6,5,유찰만,2025-11-21 10:00:00,유찰,23051.682,18776.0,cltr,,,,,,,,경상북도 경산시 진량읍 선화리 888-15번지 일원,산업시설,경상북도,지방,2025-10,2026-04,5,23052.0,17837.0,True,
SBB7E6E40,33,32,유찰만,2026-04-15 10:00:00,수의계약가능,25619.393115,15768.7,cltr,,,,,,,,충남 서산시 석림동 738번지 일원,주거시설,충청남도,지방,2025-02,2026-06,11,25062.0,15768.7,False,
SBCC0158C,9,6,취소,2024-12-30 09:00:00,취소,15095.22,7000.0,plnm,,,,,,,,충청남도 아산시 온천동 84-1 외,상업시설,충청남도,지방,2025-01,2025-12,10,15095.0,9316.0,True,
SBCFA4308,33,33,유찰만,2026-05-21 09:00:00,유찰,60698.704,31169.8,cltr,,,,,,,,울산 중구 서동 607-2,상업시설,울산광역시,지방,2025-02,2025-08,7,60699.0,27000.0,True,
SBEE5E896,6,6,유찰만,2026-03-04 09:00:00,유찰,42703.65855,25215.0,cltr,,,,,,,,청주시 지동동 111 외,상업시설,충청북도,지방,2025-12,2026-06,7,45033.0,25215.0,False,
SBF45A5D5,6,6,유찰만,2024-11-29 10:00:00,유찰,,7907.206,plnm,,,,,,,,"경상남도 창원시 마포합포구 산호동 6-4,6-23",상업시설,경상남도,지방,2025-01,2026-02,13,77496.7,30024.212,True,
SBFB10452,15,10,유찰만,2025-01-27 10:00:00,유찰,18023.45,9400.0,cltr,,,,,,,,창원시 진해구 용원동 1333-4,업무시설,경상남도,지방,2025-01,2025-04,4,18023.0,9400.0,True,
SC4E344BD,6,5,유찰만,2024-10-14 09:00:00,수의계약가능,31731.55036,19637.0,plnm,,,,,,,,강원도 강릉시 견소동 268-5외 8필지,숙박시설,강원도,지방,2025-04,2026-06,14,31731.0,19637.0,False,
SC4F06853,39,36,유찰만,2025-02-12 09:00:00,수의계약가능,,11557.3,plnm,,,,,,,,인천광역시 남동구 간석동 176-10,주거시설,인천광역시,수도권,2025-01,2026-06,17,40506.0,20200.0,False,
SC5780EED,4,4,유찰만,2024-10-28 10:00:00,유찰,49495.0715,20000.0,plnm,,,,,,,,대구광역시동구신암동211번지,주거시설,대구광역시,지방,2025-01,2026-06,17,49500.0,20000.0,False,
SC57B0F1E,25,24,유찰만,2026-06-10 09:00:00,수의계약가능,,22201.3,cltr,,,,,,,,경기도 광주시 도척면 노곡리 66번지 외 4필지,기타시설,경기도,수도권,2025-01,2025-05,5,31828.0,29342.0,True,
SC58C81F5,25,24,유찰만,2025-11-13 10:00:00,수의계약가능,702808.70464,382016.19,cltr,,,,,,,,경기도김포시사우동332번지일원,주거시설,경기도,수도권,2025-02,2026-06,12,702808.70464,382016.19,False,
SC62A910F,17,15,낙찰,2026-07-01 10:00:00,수의계약가능,19512.945,14537.2,cltr,14550.0,2025-06-27 10:00:00,19512.945,74.56588433985746,,1.0,1.0,경기 광주시 초월읍 선동리 356-5 외,산업시설,경기도,수도권,2025-02,2025-06,5,19512.945,,True,전체매각추정
SC63E9090,8,7,유찰만,2025-01-14 09:00:00,수의계약가능,55778.334,26886.8,plnm,,,,,,,,충남천안시동남구목천읍응원리164,주거시설,충청남도,지방,2025-02,2025-06,5,55778.0,26886.0,True,
SC647D2CD,32,31,유찰만,2025-09-17 10:00:00,수의계약가능,135007.558,71976.851063,cltr,,,,,,,,경기도 안성시 원곡면 산하리 산162번지 일원,산업시설,경기도,수도권,2025-01,2025-08,8,138008.0,71976.0,True,
SC6FEB869,8,8,유찰만,2025-11-25 10:00:00,유찰,50546.23291,27039.0,plnm,,,,,,,,경기도 안성시 원곡면 성주리 362-1 번지 일원,산업시설,경기도,수도권,2025-12,2026-06,7,50546.23,24362.0,False,
SC75AB55E,6,5,유찰만,2025-09-23 09:00:00,수의계약가능,0.0,23071.0,plnm,,,,,,,,경남 김해시 어방동464-1번지 외 20필지,상업시설,경상남도,지방,2025-02,2025-12,10,28482.0,23071.0,True,
SC775B5C7,6,5,유찰만,2026-04-29 10:00:00,수의계약가능,,9119.0,plnm,,,,,,,,경상북도 경산시 와촌면 덕촌리 산15 외 11필지,주거시설,경상북도,지방,2025-07,2026-06,11,12901.0,9119.0,False,
SC87E9D61,143,143,유찰만,2025-11-11 10:00:00,유찰,462.0,438.3576,pbct,,,,,,,,광주광역시 동구 금남로4가 21-12,업무시설,광주광역시,지방,2025-10,2026-06,9,37592.0,27527.0,False,
SC88267B9,3,3,유찰만,2025-04-17 10:00:00,유찰,150000.0,133828.0,plnm,,,,,,,,"광주광역시 광산구 연산동 1178, 1179번지",산업시설,광주광역시,지방,2025-08,2025-08,1,150000.0,91971.852,True,
SC92A9702,7,6,유찰만,2025-09-23 09:00:00,수의계약가능,34997.0,33691.86707,plnm,,,,,,,,전라남도 목포시 동명동 7,숙박시설,전라남도,지방,2025-03,2026-06,15,34997.0,33691.0,False,
SC9614210,17,17,유찰만,2024-12-24 10:00:00,유찰,67355.53506,42008.74983,plnm,,,,,,,,달서구 상인동 1558번지,주거시설,대구광역시,지방,2025-02,2025-06,5,67400.0,32883.0,True,
SCA7BE326,7,6,유찰만,2025-03-19 10:00:00,수의계약가능,10713.4216,,plnm,,,,,,,,"태안군 반곡리 1148-50,51,53, 1149-8,9,39",주거시설,충청남도,지방,2025-02,2025-05,4,10713.0,9326.0,True,
SCB2D07BF,6,6,유찰만,2024-09-12 09:00:00,유찰,11655.6916,7200.0,plnm,,,,,,,,광주광역시 동구 학동 92-2번지 외 9필지,업무시설,광주광역시,지방,2025-01,2025-05,5,11655.0,7200.0,True,
SCD2B7CF6,11,11,유찰만,2024-09-20 09:00:00,유찰,12310.79,7000.0,plnm,,,,,,,,경기 가평군 가평읍 읍내리 362-7외4필지,상업시설,경기도,수도권,2025-02,2026-06,16,10815.0,6500.0,False,
SCD9A3434,46,45,유찰만,2026-02-05 09:00:00,수의계약가능,103947.324,43000.0,cltr;plnm,,,,,,,,부산시 동구 범일동330-1,업무시설,부산광역시,지방,2025-01,2025-05,5,39386.0,31328.0,True,
SCDCA656F,7,6,유찰만,2024-10-31 10:00:00,수의계약가능,15753.4,11682.0,plnm,,,,,,,,금천구 독산동 293-4,업무시설,서울특별시,수도권,2025-01,2026-06,11,18662.0,11682.0,False,
SCE54D952,232,232,유찰만,2024-10-17 09:30:00,유찰,633.0,633.0,plnm,,,,,,,,제주도 제주시 아라이동 822 일원,주거시설,제주특별자치도,지방,2025-01,2025-02,2,26122.0,17131.0,True,
SCEDBBE34,7,7,유찰만,2024-12-23 09:00:00,유찰,35865.604,24000.0,plnm,,,,,,,,"경북 포항시 남구 상도동 579-12, 경북 포항시 남구 상도동 579-21, 경북 포항시 남구 상도동 579-9",상업시설,경상북도,지방,2025-02,2025-04,3,35865.0,24000.0,True,
SD14EFDA5,10,10,유찰만,2025-08-18 10:00:00,유찰,28123.548,12106.265243,plnm,,,,,,,,경기도 파주시 탄현면 성동리708-7외5필지,상업시설,경기도,수도권,2025-04,2026-06,14,22661.0,,False,
SD1B1B3C3,19,14,유찰만,2025-08-14 09:00:00,유찰,19642.44,11907.0,cltr;plnm,,,,,,,,화성시 목동 496-8,상업시설,경기도,수도권,2025-03,2025-08,2,20074.0,11907.0,True,
SD3006731,12,11,유찰만,2025-12-23 10:00:00,수의계약가능,107352.3848,51920.0,cltr,,,,,,,,부산시 해운대구 우동 638-7 외,업무시설,부산광역시,지방,2025-12,2025-12,1,100662.0,86957.0,True,
SD3A9B2BC,23,23,유찰만,2025-06-09 10:00:00,유찰,15068.739,5400.0,plnm,,,,,,,,경기도 여주시 세종대왕면 광대리 461외 9필지,산업시설,경기도,수도권,2025-01,2026-06,17,15068.0,4875.0,False,
SD3FD8251,27,26,유찰만,2025-11-10 09:00:00,수의계약가능,36018.944,15600.0,cltr,,,,,,,,"경기도 의정부시 민락동 852-1, 852-2",업무시설,경기도,수도권,2025-10,2025-11,2,36019.0,15600.0,True,
SD55924A7,310,310,유찰만,2025-08-25 09:00:00,유찰,523.0,365.0,cltr;plnm,,,,,,,,서울특별시강서구화곡동370-59,주거시설,서울특별시,수도권,2025-02,2025-05,4,67509.0,71493.0,True,
SD66FD976,7,6,유찰만,2025-08-29 10:00:00,수의계약가능,13171.116,7500.0,plnm,,,,,,,,홍성군 홍성읍 내법리 396-28외,상업시설,충청남도,지방,2025-02,2025-08,7,13171.0,7500.0,True,
SD6DE873C,25,25,유찰만,2026-04-08 10:00:00,유찰,73242.715,41000.0,cltr,,,,,,,,화성시 영천동 838,업무시설,경기도,수도권,2025-12,2026-06,7,73243.0,41000.0,False,
SD775B01F,38,38,유찰만,2026-07-01 09:00:00,유찰,11861.08157,5335.0,cltr;plnm,,,,,,,,포항시 북구 죽도동 45-6번지 일원,업무시설,경상북도,지방,2025-02,2026-06,16,11745.0,9042.0,False,
SD8A6C200,3,2,낙찰,2025-03-31 10:00:00,낙찰,62720.611,27000.0,plnm,27013.0,2025-03-31 10:00:00,62720.611,43.07,100.05,1.0,1.0,충남천안시서북구불당동1479-1번지일원,업무시설,충청남도,지방,2025-01,2025-03,3,62720.611,27000.0,True,전체매각추정
SD8F02AD1,7,6,유찰만,2025-03-24 10:00:00,수의계약가능,6400.878,5000.0,cltr,,,,,,,,"여수시 봉산동 274-3, 5, 6, 7, 15, 16",상업시설,전라남도,지방,2025-02,2026-06,16,6400.0,5000.0,False,
SD94B49E3,10,9,유찰만,2025-09-11 10:00:00,수의계약가능,69433.728,57800.0,plnm,,,,,,,,유성구 봉명동 546-3번지 일원,주거시설,대전광역시,지방,2025-08,2025-11,3,69421.0,57800.0,True,
SDA27355B,12,11,유찰만,2025-05-09 10:00:00,유찰,73151.0,29700.0,plnm,,,,,,,,경기도 평택시 고덕동 1979-1 일원,상업시설,경기도,수도권,2025-01,2025-05,3,60011.0,27000.0,True,
SDA6BBB77,42,36,유찰만,2024-12-27 10:00:00,수의계약가능,1640.0,1207.0,manual,,,,,,,,"광주광역시 서구 서창동 522-5, 바흐하우스서창퍼스트빌 101동 105호 외 5개 호실",주거시설,광주광역시,지방,2025-01,2025-01,1,17969.0,5459.0,True,
SDBA06B0D,18,17,유찰만,2025-04-22 09:00:00,수의계약가능,80255.671,48750.0,plnm,,,,,,,,대전광역시중구유천동306번지일원,주거시설,대전광역시,지방,2025-01,2026-01,12,77270.0,48750.0,True,
SDBE9380A,10,9,유찰만,2025-06-13 09:00:00,수의계약가능,86934.562675,54790.926,plnm,,,,,,,,경상남도 김해시 신문동 600,주거시설,경상남도,지방,2025-03,2025-07,5,86935.0,54790.926,True,
SDC4D96E4,5,5,유찰만,2024-11-26 10:00:00,유찰,19895.18,12400.566,plnm,,,,,,,,부산광역시 기장군 기장읍 기장해안로 591,상업시설,부산광역시,지방,2025-01,2025-05,5,17885.0,15309.0,True,
SDCEF618E,12,11,유찰만,2024-10-23 09:00:00,수의계약가능,,4020.0,plnm,,,,,,,,전주시 덕진구 만성동 1377-8번지 일원,상업시설,전라북도,지방,2025-01,2025-06,6,10008.0,4020.0,True,
SDE7092BB,4,3,유찰만,2025-07-15 09:00:00,수의계약가능,10327.0,12795.5,plnm,,,,,,,,전라남도 완도군 완도읍 군내리,주거시설,전라남도,지방,2025-05,2025-08,4,16114.0,12795.0,True,
SDF0845A4,10,10,유찰만,2024-10-23 10:00:00,유찰,44819.29072,26000.0,plnm,,,,,,,,전라남도여수시봉산동260-1,주거시설,전라남도,지방,2025-02,2026-06,5,42901.0,23400.0,False,
SDF64D494,8,7,유찰만,2025-05-01 09:00:00,수의계약가능,45009.88364,21528.087814,plnm,,,,,,,,"남구 삼산동 1639-2, 1639-3, 1639-4, 1639-6, 1639-8, 1639-9",주거시설,울산광역시,지방,2025-04,2025-05,2,45000.0,21528.0,True,
SE170BF44,15,15,유찰만,2025-11-20 09:00:00,유찰,19678.563,13348.323289,cltr,,,,,,,,전북 남원시 왕정동 5-2 외,주거시설,전라북도,지방,2025-10,2025-11,2,20550.0,13348.0,True,
SE19465C5,5,5,유찰만,2025-10-13 09:00:00,유찰,151573.89748,103066.3,plnm,,,,,,,,인천광역시 중구 항동7가 108,기타시설,인천광역시,수도권,2026-03,2026-06,4,15157.0,10306.0,False,
SE215B905,6,6,유찰만,2025-09-09 10:00:00,유찰,9500.877,6818.0,plnm,,,,,,,,양산시 중부동 689-7,상업시설,경상남도,지방,2025-02,2025-11,9,9500.0,6818.0,True,
SE277C0C6,33,32,유찰만,2025-05-16 09:00:00,수의계약가능,2300.142,1115.0,cltr,,,,,,,,경기 의정부시 의정부동 407-38,주거시설,경기도,수도권,2025-01,2026-04,6,1745.0,1745.0,True,
SE308E5B3,16,16,유찰만,2025-05-07 10:00:00,유찰,25032.52364,10491.2,cltr,,,,,,,,"나주시 삼영동 633번지, 산 30-4번지",기타시설,전라남도,지방,2025-01,2025-10,9,25032.0,10491.0,True,
SE3E889C8,10,9,유찰만,2025-02-26 09:00:00,수의계약가능,17110.0,7079.66,cltr,,,,,,,,전남 여수시 소라면 죽림리 1191,레져시설,전라남도,지방,2025-01,2025-05,4,17110.0,7080.0,True,
SE3EBBDCA,5,4,유찰만,2025-09-16 09:00:00,수의계약가능,28204.0,23772.0,plnm,,,,,,,,서울시 강서구 염창동 263-5,주거시설,서울특별시,수도권,2025-04,2025-08,5,29168.0,23772.0,True,
SE4AEE2B5,9,8,유찰만,2024-09-24 09:00:00,수의계약가능,29671.5916,19706.0,plnm,,,,,,,,경기 시흥시 월곶동 1002-9 외5필지,주거시설,경기도,수도권,2025-02,2025-08,4,29671.5,19706.0,True,
SE57DD5D0,6,5,유찰만,2025-02-20 09:00:00,유찰,78629.18916,55555.0,plnm,,,,,,,,서울시 강남구 논현동 238-14 일원,업무시설,서울특별시,수도권,2025-02,2026-06,16,78629.0,50000.0,False,
SE5D96402,6,6,유찰만,2025-06-11 10:00:00,유찰,11165.2263,8570.843,cltr,,,,,,,,"구미시 송정동 441-3, 441-4, 442",주거시설,경상북도,지방,2025-02,2025-05,4,11165.0,5870.0,True,
SE5ED159C,24,21,취소,2026-03-04 10:00:00,취소,40450.97,18700.0,cltr,,,,,,,,"부산광역시부산진구부전동225-1,225-3,225-9번지",상업시설,부산광역시,지방,2025-01,2026-06,17,39518.0,21100.0,False,
SE610DC45,21,21,유찰만,2025-12-08 09:00:00,유찰,26000.61453,11180.0,cltr,,,,,,,,전라남도 광양시 광양읍 인동리 412-1번지 일원,주거시설,전라남도,지방,2025-07,2026-06,11,26000.61453,11180.0,False,
SE6D23FFD,13,12,유찰만,2025-02-07 09:00:00,수의계약가능,31087.23028,16594.0,cltr,,,,,,,,충남 천안시 서북구 직산읍 신갈리 48-3 외,산업시설,충청남도,지방,2025-01,2025-01,1,31087.23028,18437.0,True,
SE757D614,6,5,유찰만,2025-12-23 10:00:00,수의계약가능,115704.1032,80863.887,cltr,,,,,,,,부산 해운대구 우동 646-7,주거시설,부산광역시,지방,2025-08,2026-06,10,115704.0,70000.0,False,
SE952B830,61,60,유찰만,2025-12-12 09:00:00,수의계약가능,2447.276,511.4,manual,,,,,,,,제주도 서귀포시 안덕면 서광리 2489-7 외,주거시설,제주특별자치도,지방,2025-01,2026-06,17,2447.0,878.0,False,
SEA34D383,12,11,유찰만,2025-03-14 10:00:00,유찰,12986.030415,6498.0,plnm,,,,,,,,"이천시 중리동 217-2, 217-5",주거시설,경기도,수도권,2025-01,2025-05,5,12986.0,6498.0,True,
SEBC60A65,22,21,유찰만,2025-09-25 09:00:00,유찰,9686.25,4857.3,plnm,,,,,,,,부산광역시 사상구 괘법동 559-10,상업시설,부산광역시,지방,2025-02,2026-03,10,9681.0,4981.0,True,
SEC57693A,7,7,유찰만,2024-12-19 13:00:00,유찰,24531.17011,,plnm,,,,,,,,경기 이천시 신둔면 용면리 73외 17필지,산업시설,경기도,수도권,2025-01,2025-04,4,21402.0,15477.0,True,
SEC69E488,29,29,유찰만,2025-05-13 09:00:00,유찰,20165.42,11992.0,cltr,,,,,,,,"속초시 청학동 482-52,-530,-53,-68",숙박시설,강원도,지방,2025-01,2025-04,2,20165.0,11992.0,True,
SED276E9B,10,9,유찰만,2025-03-31 09:00:00,수의계약가능,29438.838,21639.0,plnm,,,,,,,,"제주도 제주시 연동 281-20, 291-92, 291-136",주거시설,제주특별자치도,지방,2025-01,2025-06,6,29439.0,21639.0,True,
SEDCA9B21,7,7,유찰만,2024-05-17 09:00:00,유찰,14752.0,5000.0,plnm,,,,,,,,경기도 양주시 덕계동 691-4 외 5필지,주거시설,경기도,수도권,2025-01,2025-08,5,12608.0,4751.0,True,
SEDD83D1F,6,5,유찰만,2024-08-21 09:00:00,수의계약가능,48753.4376,42335.9,plnm,,,,,,,,"서울특별시 관악구 신림동 538-3, -4",기타시설,서울특별시,수도권,2025-01,2025-02,2,48753.0,42335.9,True,
SEE77D95C,235,235,유찰만,2025-05-19 09:00:00,유찰,6520.697,2476.0,cltr;plnm,,,,,,,,경남 거제시 장승포동 649-1번지 외 3필지,주거시설,경상남도,지방,2025-04,2026-06,8,114169.0,50700.0,False,
SF009F710,5,4,유찰만,2025-06-09 09:00:00,수의계약가능,9630.0,6989.290493,plnm,,,,,,,,부산 중구 보수동2가 102번지,업무시설,부산광역시,지방,2025-08,2025-08,1,9529.0,6989.0,True,
SF04FC5BE,10,9,유찰만,2025-09-30 09:00:00,수의계약가능,25089.027,15816.0,cltr,,,,,,,,경상북도 포항시 북구 흥해읍 성곡리 945,주거시설,경상북도,지방,2026-02,2026-06,5,30753.0,15816.0,False,
SF0589982,14,13,유찰만,2025-03-06 09:30:00,수의계약가능,96341.48759,39717.5,plnm,,,,,,,,"용인시 기흥구 신갈동 71-1, 71-5, 71-6, 71-7, 71-8, 71-10, 71-11, 71-13, 71-14, 71-17, 71-18, 71-20, 71-21, 71-22, 71-23, 71-24, 71-25, 71-27, 71-28, 71-29, 71-30",주거시설,경기도,수도권,2025-02,2025-02,1,96341.0,39717.0,True,
SF11EDC0B,6,6,유찰만,2025-07-25 09:00:00,유찰,8763.18,5900.0,plnm,,,,,,,,경기도 용인시 처인구 포곡읍 삼계리 557-3번지 외 7필지,주거시설,경기도,수도권,2025-07,2025-07,1,7592.0,5900.0,True,
SF1CD90CB,9,9,유찰만,2025-08-21 10:00:00,유찰,12126.66378,8100.0,plnm,,,,,,,,경상남도거제시장승포동392-10,주거시설,경상남도,지방,2025-02,2026-06,16,12126.66378,8100.0,False,
SF2584669,6,6,유찰만,2024-12-30 09:00:00,유찰,,65245.1,plnm,,,,,,,,강원도 양양군 양양읍 조산리 442-1번지 일원,숙박시설,강원도,지방,2025-02,2025-08,7,105237.0,65245.0,True,
SF2F1AC91,9,9,유찰만,2024-12-31 09:00:00,유찰,10541.0,4932.8,plnm,,,,,,,,인천시남동구구월동1204-3,주거시설,인천광역시,수도권,2025-01,2025-06,6,10541.0,4610.0,True,
SF31DCC23,5,5,유찰만,2025-07-08 09:00:00,유찰,11691.864,10288.0,plnm,,,,,,,,경기도 양주시 광적면 우고리 163-4 외 6필지,산업시설,경기도,수도권,2025-01,2026-02,11,11692.0,10288.0,True,
SF50B1187,9,9,유찰만,2025-05-30 09:00:00,유찰,12885.176,9700.0,plnm,,,,,,,,청주시 현도면 죽암리 273번지 일원,산업시설,충청북도,지방,2025-01,2025-05,5,12885.0,10780.0,True,
SF694D071,15,14,유찰만,2025-07-03 10:00:00,수의계약가능,49595.24,22213.0,plnm,,,,,,,,세종특별자치시 장군면 봉안리 176-13 일원,주거시설,세종특별자치시,지방,2025-01,2025-08,8,49595.0,22213.0,True,
SF6C51356,28,28,유찰만,2026-07-21 10:00:00,유찰,1162.75,939.0,plnm,,,,,,,,전라북도 군산시 나운동 848-2번지 외 7필지,주거시설,전라북도,지방,2025-04,2026-06,14,1163.0,659.0,False,
SF701E98D,8,7,낙찰,2025-07-15 10:00:00,낙찰,89518.473,45000.0,cltr,46789.01,2025-07-15 10:00:00,89518.473,52.27,103.98,1.0,1.0,"경기 안산시 단원구 고잔동 542-1, 542-6 번지",주거시설,경기도,수도권,2025-04,2025-07,4,88608.0,45000.0,True,전체매각추정
SF767C506,10,9,유찰만,2025-04-11 10:00:00,수의계약가능,27199.457,13500.0,plnm,,,,,,,,"경기도 의정부시 민락동 882, 122-7",산업시설,경기도,수도권,2025-01,2026-06,17,32972.0,13500.0,False,
SF7AE5041,8,7,유찰만,2025-01-13 09:00:00,수의계약가능,12091.858,6418.8,plnm,,,,,,,,제주도 서귀포시 안덕면 동광리 1099번지 외 10필지,주거시설,제주특별자치도,지방,2025-01,2026-06,17,12092.0,6413.0,False,
SF81FAE04,8,8,유찰만,2025-02-11 09:00:00,유찰,11762.335,6433.188,plnm,,,,,,,,"경기 용인시 수지구 신봉동 경기도 용인시 수지구 신봉동 710,711,산82,산82-1,산82-2",주거시설,경기도,수도권,2025-01,2025-06,5,11762.0,6433.0,True,
SF8C1C94A,26,25,유찰만,2026-05-15 09:00:00,수의계약가능,12205.2623,6651.0,cltr,,,,,,,,충청남도 천안시 서북구 성정동 24-31,주거시설,충청남도,지방,2025-02,2025-02,1,12206.0,7896.0,True,
SF8DCBC63,10,10,유찰만,2025-07-01 09:00:00,유찰,36188.02139,18500.0,plnm,,,,,,,,포항시 북구 우현동 315-1외 25필지,주거시설,경상북도,지방,2025-07,2025-12,5,36188.0,18200.0,True,
SF90C7CEA,8,8,유찰만,2025-04-04 09:30:00,유찰,,7700.0,plnm,,,,,,,,부산 중구 보수동1가145-5번지 외6필지,주거시설,부산광역시,지방,2025-02,2026-06,16,14400.0,7700.0,False,
SF9924889,5,5,유찰만,2025-05-12 10:00:00,유찰,12986.78373,6800.0,plnm,,,,,,,,경기도 안산시 상록구 일동 119-1 대지 외 2건,주거시설,경기도,수도권,2025-07,2025-07,1,12986.0,6800.0,True,
SFACFF345,150,150,유찰만,2026-04-17 10:00:00,유찰,676.0,577.0,plnm,,,,,,,,부산시 부산진구 부전동 168-291번지,주거시설,부산광역시,지방,2026-04,2026-06,3,146609.0,,False,
SFB7C6F25,16,16,유찰만,2025-12-17 09:00:00,유찰,7361.661,1515.700719,plnm,,,,,,,,경기도 이천시 호법면 매곡리 587-1번지 일원,기타시설,경기도,수도권,2026-02,2026-04,3,7360.0,1520.0,True,
SFB911C45,280,280,유찰만,2025-03-14 09:30:00,유찰,645.0,528.4,plnm,,,,,,,,제주도 제주시 아라이동 3031,주거시설,제주특별자치도,지방,2025-03,2025-05,3,21217.0,16913.0,True,
SFC4B9F51,5,5,유찰만,2026-01-06 10:00:00,유찰,20655.36,16262.378036,plnm,,,,,,,,부천 상동 오피스텔 개발부지 브릿지,업무시설,경기도,수도권,2026-03,2026-06,4,20655.36,12500.0,False,
SFCCC66BD,195,160,낙찰,2025-04-28 10:00:00,수의계약가능,420.0,238.8015,plnm,245.6254,2025-04-28 10:00:00,432.0,56.86,100.0,1.0,14.0,서울특별시 구로구 신도림동436-10,주거시설,서울특별시,수도권,2025-02,2025-04,3,14387.0,7456.0,True,부분매각추정
SFD676D24,7,6,유찰만,2025-04-29 10:00:00,수의계약가능,24409.97272,18245.0,plnm,,,,,,,,대구광역시동구신천동145-2번지외2필지,주거시설,대구광역시,지방,2025-02,2026-06,13,6328.0,18245.0,False,
SFD923F75,22,20,낙찰,2025-03-28 08:50:00,취소,3442.37844,2003.751577,cltr,2300.0,2025-03-14 08:50:00,3442.37844,66.81,103.31,1.0,1.0,광주광역시 북구 오룡동 1114-2,주거시설,광주광역시,지방,2025-01,2025-02,2,3442.0,2004.0,True,전체매각추정
SFE5557D6,8,7,유찰만,2025-06-30 10:00:00,수의계약가능,812682.78,113160.0,plnm,,,,,,,,부산광역시 해운대구 우동 545-1 일원,숙박시설,부산광역시,지방,2025-02,2026-01,8,135447.0,113160.0,True,
