site_id,dist_ic_km,ic_name,dist_city_km,city_name,city_pop_10k,dist_metro_km,metro_name
S0142A33E,2.77,학익분기점,7.05,인천,301,7.05,인천
S014CC9DE,2.42,남풍세,10.47,천안,66,31.23,세종
S01B649CC,3.79,북양양IC,54.59,강릉,21,158.01,서울
S02C32278,3.74,아산 나들목,3.81,아산,35,45.4,세종
S02E285C7,0.91,동김천IC,15.07,구미,41,47.52,대구
S030F6D19,3.99,독립기념관IC,15.2,천안,66,29.75,세종
S03652A61,2.24,북현풍하이패스,23.53,대구,236,23.53,대구
S04F4AA2B,0.82,북천안,11.93,천안,66,47.23,세종
S05264363,0.68,물금,3.27,양산,35,16.19,부산
S06A76971,0.79,남장유,7.73,김해,53,23.15,부산
S07008417,0.48,산본,2.37,안양,55,21.12,서울
S07631617,8.76,청량,11.15,울산,110,11.15,울산
S081A389E,2.55,덕천,8.13,부산,329,8.13,부산
S0840E617,1.69,오산,15.25,평택,59,49.28,인천
S0855FD8D,20.81,길호IC,6.64,여수,27,92.61,광주
S08DE5D74,0.79,동신교지하차도,1.82,대구,236,1.82,대구
S0971DF3D,1.31,신천IC,6.96,부천,77,7.0,인천
S0A6CC8C6,1.92,하조대IC,33.55,강릉,21,161.21,서울
S0B32AC2A,4.52,시화 나들목,12.63,시흥,52,15.21,인천
S0C083C68,3.45,유성IC,5.06,대전,144,5.06,대전
S0C556870,2.07,영천분기점,23.11,경주,25,34.98,대구
S0CD975EF,0.99,석전교차로,16.33,광주,141,16.33,광주
S0DE05765,0.81,대리교차로,5.63,김해,53,23.39,부산
S0DF491F1,3.36,연화교차로,1.69,포항,49,54.75,울산
S0EE4E155,0.29,수석,5.37,남양주,73,17.94,서울
S0EF9B6E7,0.57,신천교차로,18.1,광주,141,18.1,광주
S0F484014,0.41,여의상류IC,6.76,서울,933,6.76,서울
S0F6BBBAC,1.05,신천교지하차도,2.08,대구,236,2.08,대구
S0F822031,5.63,아산현충사 나들목,5.81,천안,66,45.0,세종
S0FD4C0C8,7.69,남공주,12.34,세종,39,12.34,세종
S10337289,0.73,부평교차로,10.4,남양주,73,27.08,서울
S106219CB,1.15,남원주 나들목,2.61,원주,36,89.24,서울
S106F6247,2.1,용곡2교차로,4.46,천안,66,36.92,세종
S10811092,20.69,길호IC,2.5,여수,27,88.35,광주
S125500D4,4.84,망미램프,8.21,부산,329,8.21,부산
S126B4694,1.29,북오산나들목,8.89,수원,119,42.5,서울
S1638CC83,1.56,서광주,2.46,광주,141,2.46,광주
S1682CEAB,1.85,울산 분기점,2.55,울산,110,2.55,울산
S16E31147,3.14,학익분기점,7.22,인천,301,7.22,인천
S17278CE2,20.39,광평교차로,26.35,제주,49,212.52,광주
S17D1F372,2.37,용곡2교차로,3.76,천안,66,37.8,세종
S17FD9CBE,0.54,별내,9.52,남양주,73,16.64,서울
S181CC42E,36.69,광령2교차로,31.63,제주,49,202.22,광주
S1A51ABDA,8.44,청량,11.53,울산,110,11.53,울산
S1A6D33DC,4.86,망미램프,8.27,부산,329,8.27,부산
S1A77DD7D,0.72,진천IC,24.72,청주,85,45.68,세종
S1AC1A8B0,2.82,고창IC,33.59,광주,141,33.59,광주
S1BF442BD,0.93,금천 나들목,8.86,안양,55,13.87,서울
S1CCC7A4F,2.76,공주,13.94,세종,39,13.94,세종
S1DD157B8,2.09,교대교차로,0.85,부산,329,0.85,부산
S1E19C21A,1.13,길음,7.13,서울,933,7.13,서울
S1E46D22B,0.91,용곡2교차로,4.68,천안,66,35.92,세종
S1ECB5CAB,1.52,대곶,8.99,김포,48,22.1,인천
S1EFDB8C5,1.21,서이천IC,18.6,용인,108,49.09,서울
S1F4B1CC0,3.64,중명,0.82,포항,49,52.93,울산
S1F76955E,0.73,부평교차로,10.43,남양주,73,27.11,서울
S1F847112,2.79,마장분기점,23.19,용인,108,51.79,서울
S1F967BEA,3.83,금촌IC,5.07,파주,50,23.84,서울
S1FB16284,0.62,천안,4.61,천안,66,39.37,세종
S2033A975,3.87,청명IC,2.72,수원,119,36.02,서울
S20C94211,5.91,소사교차로,16.54,김해,53,25.23,부산
S20EEDA2E,2.56,서마산 나들목,8.69,창원,100,44.74,부산
S215E26FA,1.66,서울산IC,15.59,울산,110,15.59,울산
S21A286E2,3.85,연화교차로,1.51,포항,49,54.25,울산
S21C3310D,1.47,성남,2.09,성남,92,20.37,서울
S21F01B01,0.94,평내,2.7,남양주,73,24.96,서울
S220CB9E4,3.11,만가대교차로,1.8,의정부,46,20.91,서울
S23706B17,10.67,광령2교차로,2.28,제주,49,187.59,광주
S23763C58,4.6,순천만IC,1.34,순천,28,63.14,광주
S2455ED51,1.41,서강대교 북단,3.92,서울,933,3.92,서울
S250F01DC,1.15,기장분기점,17.2,부산,329,17.2,부산
S258F1648,0.71,궁촌,0.75,용인,108,39.68,서울
S25DF20E9,2.54,동두천,18.14,의정부,46,37.75,서울
S276E2275,15.85,통영나들목,1.56,거제,24,52.46,부산
S27BB570D,5.18,곡성IC,33.73,순천,28,35.96,광주
S2851AAE8,18.45,축동 나들목,28.14,진주,34,92.7,부산
S2875361E,1.05,신월,6.48,부천,77,13.47,인천
S28C2AEF5,1.97,금왕꽃동네IC,34.19,청주,85,56.21,세종
S28F688CE,2.65,성서,4.81,대구,236,4.81,대구
S291C403B,2.68,소사벌교차로,2.68,평택,59,60.32,인천
S29B50BAE,0.46,동김해,0.01,김해,53,17.78,부산
S2A233FB6,3.19,마장,1.96,서울,933,1.96,서울
S2A5AF0B4,1.88,계룡,14.63,대전,144,14.63,대전
S2B1968A4,2.46,양산IC,5.27,양산,35,22.9,부산
S2B56257A,4.15,아산현충사 나들목,0.81,아산,35,42.54,세종
S2BFC21AD,2.54,운북,19.7,인천,301,19.7,인천
S2C2C2F80,3.44,아산현충사 나들목,0.99,아산,35,41.97,세종
S2C6542AE,5.05,시화 나들목,12.79,시흥,52,14.88,인천
S2CCA842E,1.17,군자교,8.69,서울,933,8.69,서울
S2CF30C9B,1.69,향산교차로,0.48,김포,48,17.73,인천
S2D6D5742,2.15,동두천,18.7,의정부,46,38.28,서울
S2E34E058,1.09,고양분기점,0.71,고양,107,16.23,서울
S2EADBA71,35.55,광령2교차로,26.6,제주,49,178.33,광주
S2F49078F,3.44,홍은,7.5,서울,933,7.5,서울
S2F6BE4CA,8.83,동광IC,35.88,제주,49,219.36,광주
S2FD6996C,22.15,홍성IC,63.59,아산,35,88.57,세종
S3083518A,2.8,누산교차로,6.8,김포,48,21.3,인천
S313547C7,3.85,법원,9.29,파주,50,32.07,서울
S31373BDD,3.75,연화교차로,2.3,포항,49,54.91,울산
S31AD2393,1.06,원제교차로,19.94,경산,28,28.53,대구
S32119684,2.67,황령램프,0.95,부산,329,0.95,부산
S328E3BF3,3.2,서세종IC,7.26,세종,39,7.26,세종
S32D5C6A2,1.33,팔야교차로,12.59,남양주,73,30.05,서울
S3312CC66,0.71,남안산 분기점,8.84,안산,63,17.35,인천
S3312EB57,0.81,산월,5.52,광주,141,5.52,광주
S3390A03E,2.38,용곡2교차로,3.66,천안,66,37.88,세종
S34915D85,2.07,교대교차로,4.14,부산,329,4.14,부산
S3492273E,1.33,성동IC,8.27,파주,50,34.67,서울
S34C4A9C1,2.76,북함양분기점,57.79,진주,34,82.56,대구
S3519BD04,0.49,소흘,11.69,의정부,46,29.86,서울
S36F66B58,5.51,아산현충사 나들목,5.75,천안,66,44.88,세종
S37DA0FE1,4.87,천안,3.63,천안,66,43.52,세종
S38B045CD,6.74,동광IC,29.5,제주,49,215.21,광주
S39F8D3BA,20.42,해미IC,59.83,아산,35,87.23,인천
S3A4006C1,3.74,아산 나들목,3.81,아산,35,45.4,세종
S3A620A12,1.21,사근,5.1,서울,933,5.1,서울
S3A67D635,24.25,광령2교차로,16.75,제주,49,189.19,광주
S3A7CFA7A,1.07,포천,21.54,의정부,46,39.6,서울
S3AAA7ECA,1.29,중동교지하차도,3.99,대구,236,3.99,대구
S3AB8DBB6,3.12,평택고덕IC,5.65,평택,59,57.35,인천
S3B8B627B,1.71,정읍IC,40.11,전주,64,45.02,광주
S3C560EA7,1.96,응암,29.2,용인,108,60.22,서울
S3D09E326,0.8,남대구,6.81,대구,236,6.81,대구
S3D0F95B5,4.7,전의2교차로,19.8,청주,85,19.8,세종
S3DAA7EB3,2.52,가락,9.06,김해,53,18.31,부산
S3DB8B19B,0.89,서초,10.49,서울,933,10.49,서울
S3E2101BE,13.69,곤양 나들목,26.52,진주,34,97.88,부산
S3EC3E860,1.69,마동IC,18.34,순천,28,79.91,광주
S3EDAE54C,1.48,송탄IC,4.94,평택,59,58.17,인천
S3F538499,4.93,순천IC,0.29,순천,28,61.97,광주
S401AB6DB,0.54,교리교차로,15.91,광주,141,15.91,광주
S4055BCED,3.75,북고양·설문IC,4.74,파주,50,26.22,서울
S40A69F39,23.91,광령2교차로,14.96,제주,49,182.02,광주
S40DA32FF,4.37,서전주,6.59,전주,64,62.88,대전
S41534991,1.28,신천교지하차도,2.31,대구,236,2.31,대구
S41549F93,0.95,덕소삼패,5.89,남양주,73,20.54,서울
S419B0AFB,3.1,대봉교지하차도,2.78,대구,236,2.78,대구
S4207E216,3.8,북양양IC,54.74,강릉,21,157.83,서울
S42364E05,2.59,발안IC,11.76,화성,95,42.09,인천
S425510B1,3.12,동김천IC,17.3,구미,41,48.42,대구
S4291E794,1.62,유성IC,3.46,대전,144,3.46,대전
S4312C70C,6.31,척과구룡IC,8.51,울산,110,8.51,울산
S43F81975,1.77,태리교차로,0.51,김포,48,17.52,인천
S44AA84D4,4.97,남세종IC,1.47,세종,39,1.47,세종
S44E3A048,2.97,옥곡IC,21.04,순천,28,81.8,광주
S4562DAB6,24.45,해미IC,64.49,아산,35,91.53,세종
S458CE799,1.22,태전분기점,10.79,성남,92,30.8,서울
S45AD16FC,0.08,수정,30.76,용인,108,59.17,서울
S45CB5324,6.05,여주분기점,35.22,용인,108,67.84,서울
S462CCA2F,2.05,경대교지하차도,1.44,대구,236,1.44,대구
S468E8CAB,35.0,광령2교차로,31.33,제주,49,206.67,광주
S46910EBF,1.34,북용인분기점,6.48,용인,108,39.02,서울
S46BBE2A2,5.88,광령2교차로,3.64,제주,49,188.18,광주
S46C8BB31,1.48,부평교차로,9.47,남양주,73,26.25,서울
S46E58956,11.95,예천 나들목,52.03,구미,41,79.16,대구
S4754906B,32.43,서산IC,66.06,화성,95,78.64,인천
S47FCEEE0,1.89,순천IC,3.77,순천,28,64.32,광주
S48577CA9,1.68,마장,3.45,서울,933,3.45,서울
S4947BBD6,0.89,덕암교차로,6.67,김해,53,24.3,부산
S49711340,4.87,상주IC,37.0,구미,41,69.79,대전
S499A3205,21.96,길호IC,9.32,여수,27,95.41,광주
S49D4C3F2,2.19,대전IC,3.82,대전,144,3.82,대전
S4A4DE53A,7.85,동광IC,27.88,제주,49,214.06,광주
S4AD594B6,5.49,문현램프,9.72,부산,329,9.72,부산
S4AE144DB,1.36,청주강서,5.41,청주,85,20.85,세종
S4B392F95,2.58,서마산 나들목,8.68,창원,100,44.74,부산
S4B47A1F9,1.77,청담대교 분기점,10.04,성남,92,10.9,서울
S4BE3B6ED,1.99,누산교차로,7.15,김포,48,22.07,인천
S4BEEBE72,2.51,포천,21.55,의정부,46,40.25,서울
S4CC9508F,0.55,월계1교,10.64,서울,933,10.64,서울
S4D95E598,0.44,성남,1.68,성남,92,19.67,서울
S4DDE817B,0.69,물금,3.24,양산,35,16.19,부산
S4E26D415,1.56,서광주,2.46,광주,141,2.46,광주
S4EA7B1E3,22.88,통영나들목,8.38,거제,24,52.02,부산
S4EBFED0A,2.14,해운대 나들목,14.63,부산,329,14.63,부산
S4F112563,2.86,고창IC,33.58,광주,141,33.58,광주
S4F4F1B40,17.54,동광IC,27.67,제주,49,214.41,광주
S4FAB26F8,3.82,북대전IC,2.98,대전,144,2.98,대전
S4FCC3641,8.57,양산IC,11.22,양산,35,22.93,울산
S5038F53F,2.79,대소분기점,29.93,청주,85,51.21,세종
S5123A176,2.59,동김천IC,17.29,구미,41,48.83,대구
S51615967,4.09,금산,13.11,인천,301,13.11,인천
S51F4B529,0.08,경기광주분기점,17.2,성남,92,36.01,서울
S521420DD,9.72,동경주,19.72,울산,110,19.72,울산
S53198E06,5.72,춘천,1.61,춘천,29,73.23,서울
S54705827,1.01,금천 나들목,9.63,안양,55,13.06,서울
S5486BF91,2.12,용곡2교차로,3.72,천안,66,37.65,세종
S549C5C5D,1.16,봉담,8.65,수원,119,34.04,인천
S54F26513,0.63,중랑교,9.19,서울,933,9.19,서울
S566FDED2,1.62,마포대교 북단,2.91,서울,933,2.91,서울
S56A638A4,1.67,울주분기점,1.59,울산,110,1.59,울산
S56E7F14D,3.61,안영IC,3.96,대전,144,3.96,대전
S5722BA55,7.81,소사벌교차로,5.86,평택,59,56.58,세종
S57236455,1.58,망미램프,3.94,부산,329,3.94,부산
S574B8BF0,1.9,중앙탑하이패스IC,8.23,충주,21,75.75,세종
S577A7CBC,1.64,연희,6.1,서울,933,6.1,서울
S59EA7FBD,17.16,도롱교차로,2.33,여수,27,83.96,광주
S5A2B1E84,1.75,독립기념관IC,13.1,천안,66,30.21,세종
S5B438CB8,5.95,대천IC,58.18,익산,27,72.06,세종
S5BAABD04,1.46,조원IC,4.08,수원,119,29.89,서울
S5CC17A71,5.57,제2국제업무단지,29.26,인천,301,29.26,인천
S5D431712,1.63,유성IC,3.42,대전,144,3.42,대전
S5E440110,4.32,마도분기점,9.35,화성,95,31.86,인천
S5F201368,9.25,양산IC,11.76,양산,35,22.62,울산
S5FA83185,3.12,남구미IC,7.53,구미,41,28.55,대구
S5FE3DF8B,23.8,광령2교차로,14.84,제주,49,182.03,광주
S6055ED93,8.07,경주IC,7.03,경주,25,30.24,울산
S606A899F,2.22,대연램프,4.19,부산,329,4.19,부산
S612EADA0,4.76,노은 분기점,13.21,충주,21,81.92,세종
S6281BCD8,2.28,북고양·설문IC,5.43,파주,50,24.21,서울
S62EAE3ED,6.23,제천분기점,29.97,충주,21,109.5,세종
S63470B37,4.85,신당1교차로,5.56,경주,25,37.27,울산
S637D16C3,8.99,동광IC,35.9,제주,49,219.66,광주
S64D0F5AD,4.31,서세종IC,5.59,세종,39,5.59,세종
S64EAAD1B,1.13,장유,6.88,김해,53,23.21,부산
S64F21DFB,1.98,계룡,14.84,대전,144,14.84,대전
S6633AC5C,2.5,양산IC,5.36,양산,35,22.99,부산
S664FEE3B,2.33,순천IC,2.95,순천,28,61.8,광주
S666BA650,1.38,마포대교 북단,3.18,서울,933,3.18,서울
S66E2E2BA,0.51,청명IC,6.05,수원,119,35.32,서울
S66F9C562,1.87,동부산 나들목,11.43,부산,329,11.43,부산
S6705EA92,3.1,응암,32.47,용인,108,63.26,서울
S6711F1A4,3.81,중명,1.24,포항,49,52.75,울산
S678F87CD,3.93,동순천 나들목,1.94,순천,28,64.19,광주
S685A8C64,1.94,북오산나들목,11.16,수원,119,44.96,인천
S697BC959,1.23,성동IC,8.31,파주,50,34.76,서울
S6984B94E,5.3,춘천,0.45,춘천,29,74.41,서울
S69DF49C9,3.12,독립기념관IC,11.53,천안,66,34.01,세종
S69F7C0D7,1.64,동영천,26.66,경주,25,35.54,대구
S6A687565,21.59,길호IC,6.53,여수,27,92.62,광주
S6A7E38EF,3.86,영덕IC,37.05,포항,49,88.24,대구
S6ACC8AAC,21.72,동광IC,28.8,제주,49,214.86,광주
S6AEC9D1E,1.98,마포대교 북단,3.04,서울,933,3.04,서울
S6B404727,0.61,신정교차로,50.91,전주,64,53.5,광주
S6C8EB396,5.48,유성IC,0.54,대전,144,0.54,대전
S6CE8647B,0.67,부평교차로,11.24,남양주,73,26.69,서울
S6D789837,5.46,천안,3.62,천안,66,43.78,세종
S6E0AA54E,1.57,동림,2.41,광주,141,2.41,광주
S6E3D6F2B,2.42,청명IC,3.19,수원,119,34.96,서울
S6E985FD4,4.67,목포IC,4.05,목포,21,55.43,광주
S6EBAD9FF,1.37,안성휴게소 (서울방향),8.18,평택,59,57.94,서울
S6F1B17C6,31.76,광령2교차로,23.21,제주,49,183.14,광주
S6FCB4DCD,2.22,판교,3.73,성남,92,23.9,서울
S6FD9662F,2.6,금천교교차로,11.06,서울,933,11.06,서울
S6FFB55E7,11.04,동광IC,36.46,제주,49,215.61,광주
S701A11EA,0.68,수원신갈,6.84,수원,119,34.52,서울
S70FC96EC,1.39,청주강서,5.43,청주,85,20.89,세종
S71494D22,3.42,유성IC,5.24,대전,144,5.24,대전
S71580A3F,7.39,송추,8.93,의정부,46,23.56,서울
S7189CA08,1.34,판암 나들목,7.5,대전,144,7.5,대전
S72A62A92,2.97,정왕,8.68,시흥,52,10.88,인천
S72B75B03,3.12,아산현충사 나들목,3.92,천안,66,38.73,세종
S733B018F,0.59,여의상류IC,6.6,서울,933,6.6,서울
S73FDC11C,2.98,고창IC,33.82,광주,141,33.82,광주
S740B4AC7,1.13,금천교교차로,11.07,안양,55,12.72,서울
S747CD69F,4.4,죽림JC,6.56,목포,21,53.2,광주
S75C893AF,1.24,산내분기점,10.99,대전,144,10.99,대전
S75F5FE52,1.99,금산IC,28.04,대전,144,28.04,대전
S76E552D2,4.94,남세종IC,1.31,세종,39,1.31,세종
S77F2193F,1.6,서김포·통진,9.1,김포,48,23.23,인천
S78637C33,17.53,동광IC,27.48,제주,49,214.22,광주
S78C9AF69,0.76,시화 나들목,9.85,안산,63,16.43,인천
S78FA7EE4,1.35,판암 나들목,7.49,대전,144,7.49,대전
S78FE5AE7,1.06,명지,1.41,용인,108,41.34,서울
S7A850E02,1.78,동영천,26.23,경산,28,34.73,대구
S7ADD65B4,2.26,마석IC,7.43,남양주,73,29.8,서울
S7B2459C0,16.03,통영나들목,1.44,거제,24,52.35,부산
S7B93A15E,1.29,기장분기점,17.03,부산,329,17.03,부산
S7C4F2067,1.73,초이,12.08,남양주,73,15.2,서울
S7CB12621,0.89,망미램프,4.25,부산,329,4.25,부산
S7CCB96E9,3.27,경산 나들목,5.48,경산,28,13.22,대구
S7CEB3948,1.73,마장,3.64,서울,933,3.64,서울
S7D66F4F9,0.72,고암교차로,9.55,의정부,46,29.23,서울
S7D8EDDE6,1.59,서천IC,28.95,익산,27,69.47,대전
S7DB81BFC,2.07,송내,3.88,부천,77,4.65,인천
S7E041E01,3.67,안영IC,3.99,대전,144,3.99,대전
S7ED0967E,4.28,서세종IC,5.56,세종,39,5.56,세종
S7F08CFAB,1.57,경대교지하차도,1.07,대구,236,1.07,대구
S7F8BC8A1,1.36,동신교지하차도,2.33,대구,236,2.33,대구
S7FB537F4,6.02,독립기념관IC,16.15,천안,66,31.95,세종
S8071D976,1.22,울주분기점,3.62,울산,110,3.62,울산
S807AC5DF,1.28,송도IC,8.82,인천,301,8.82,인천
S807B9B5A,1.44,용곡2교차로,2.51,천안,66,37.93,세종
S81B561BC,0.29,장현IC,8.82,남양주,73,24.51,서울
S81CF70A3,11.9,예천 나들목,52.09,구미,41,79.22,대구
S81F2FD5D,2.57,만종분기점,5.31,원주,36,81.73,서울
S823494DF,7.93,동광IC,35.02,제주,49,218.41,광주
S833FBE00,4.14,감전램프,8.84,부산,329,8.84,부산
S8347934C,1.4,은현,15.72,의정부,46,35.35,서울
S83864343,0.14,광사교차로,6.66,의정부,46,26.04,서울
S84017898,1.07,신천교지하차도,2.09,대구,236,2.09,대구
S85DB4362,18.62,길호IC,5.28,여수,27,90.73,광주
S865E5E63,6.37,대곶,16.16,김포,48,24.49,인천
S86AC06EA,0.46,서운분기점,3.09,부천,77,8.93,인천
S8799E1AA,1.21,동탄분기점,8.68,용인,108,42.88,서울
S87BCABB1,3.16,시흥,4.89,부천,77,9.92,인천
S87CD91BB,1.16,경대교지하차도,0.95,대구,236,0.95,대구
S88DF615C,0.79,범내골램프,4.38,부산,329,4.38,부산
S89836F99,16.07,통영나들목,1.67,거제,24,52.22,부산
S899E96A9,1.47,화원옥포,12.05,대구,236,12.05,대구
S89A47359,0.69,물금,3.24,양산,35,16.19,부산
S89A5BE07,2.24,안녕IC,6.19,수원,119,39.75,인천
S8A249C59,1.28,토당교차로,4.29,고양,107,15.14,서울
S8A4E2EA9,3.1,동신교지하차도,4.23,대구,236,4.23,대구
S8AC371A9,7.62,축동 나들목,18.55,진주,34,94.08,부산
S8C87574D,3.22,시흥,4.34,부천,77,9.56,인천
S8CC3E24B,0.31,영일만교차로,10.63,포항,49,63.55,울산
S8D9E41DC,1.71,산단IC,8.84,파주,50,35.05,서울
S8DC81E03,1.8,마장분기점,22.63,용인,108,52.91,서울
S8E09C96E,4.1,남원주 나들목,5.24,원주,36,92.07,서울
S8E9E7BCF,2.43,효덕교차로,4.7,광주,141,4.7,광주
S8F3849F4,2.62,동김천IC,17.28,구미,41,48.8,대구
S8F4CD32A,1.34,구서,9.34,양산,35,9.53,부산
S8FC6A518,2.02,서분당(고기),8.93,성남,92,25.94,서울
S8FDBDC74,2.0,동김해,2.19,김해,53,16.92,부산
S90468CA7,3.15,울주분기점,0.71,울산,110,0.71,울산
S908D2F0E,2.63,고읍교차로,7.38,의정부,46,27.04,서울
S91DA0A5E,2.67,천안,3.13,천안,66,38.53,세종
S922A51DD,1.59,신천교지하차도,2.6,대구,236,2.6,대구
S924C3837,0.64,궁촌,0.63,용인,108,40.07,서울
S92754760,8.85,동광IC,35.9,제주,49,219.36,광주
S93210B34,1.39,한남대교분기점,7.43,서울,933,7.43,서울
S944DE5D0,3.24,북고양·설문IC,3.76,파주,50,26.28,서울
S94A4CC20,1.41,태리교차로,2.02,김포,48,16.29,인천
S95AB5C20,1.34,덕천,7.59,부산,329,7.59,부산
S95E6B733,1.15,기장분기점,17.2,부산,329,17.2,부산
S9637D1A5,0.82,교대교차로,2.39,부산,329,2.39,부산
S968BF31E,1.07,청담대교 분기점,8.75,서울,933,8.75,서울
S9696E01E,2.01,서평택분기점,16.38,화성,95,46.79,인천
S96AA97D3,25.24,도롱교차로,8.98,여수,27,88.75,광주
S96C8F3ED,0.71,진천IC,24.58,청주,85,45.79,세종
S9705ED2B,16.1,도롱교차로,2.67,여수,27,83.45,광주
S971D3942,1.32,연화교차로,3.93,포항,49,57.44,울산
S974C3B84,1.89,하조대IC,33.56,강릉,21,161.18,서울
S97550927,1.45,서평택IC,22.92,평택,59,53.26,인천
S9776F0A6,0.95,중랑교,9.68,서울,933,9.68,서울
S978EF55A,0.8,반포IC,7.7,서울,933,7.7,서울
S9801538A,2.66,남여주 나들목,28.61,원주,36,64.49,서울
S98C1BE88,6.5,문현램프,11.0,부산,329,11.0,부산
S990B5580,19.25,동광1교차로,26.2,제주,49,212.62,광주
S9923FE3B,1.46,척과구룡IC,4.4,울산,110,4.4,울산
S9988C4DD,1.94,미사교차로,8.0,남양주,73,19.34,서울
S99D973F5,0.83,부천,3.1,부천,77,10.07,인천
S9A9A5073,22.92,통영나들목,8.49,거제,24,52.12,부산
S9BA124BF,0.81,아산현충사 나들목,4.28,아산,35,41.03,세종
S9BA5054C,3.64,강릉,0.38,강릉,21,168.73,서울
S9CDC4F7D,1.72,서울산IC,15.44,울산,110,15.44,울산
S9D6A332C,0.74,서초,9.92,서울,933,9.92,서울
S9EEC1C21,2.9,동광IC,26.01,제주,49,210.81,광주
S9F83AD5A,2.81,북용인분기점,8.48,용인,108,37.4,서울
S9FC9B116,4.98,금곡,2.14,수원,119,33.15,서울
SA05D35DE,7.73,축동 나들목,18.49,진주,34,93.73,부산
SA06664CD,2.66,천안,3.14,천안,66,38.52,세종
SA06BB3CC,1.88,교대교차로,4.67,부산,329,4.67,부산
SA0D1BEBC,1.26,삼막,4.15,안양,55,17.68,서울
SA0EC283D,6.05,청주 나들목,15.68,청주,85,15.71,세종
SA166815F,3.94,연화교차로,1.56,포항,49,54.2,울산
SA3EBCF2F,7.61,명호IC,15.54,부산,329,15.54,부산
SA478839E,2.88,남청주IC,11.45,세종,39,11.45,세종
SA4AB2E02,1.36,마장분기점,19.32,용인,108,50.36,서울
SA4EA3A53,2.43,팔곡분기점,3.52,안산,63,21.7,인천
SA51A7364,1.15,동신교지하차도,2.29,대구,236,2.29,대구
SA52CFD20,6.31,척과구룡IC,8.51,울산,110,8.51,울산
SA66B8BCD,1.8,동부산 나들목,11.5,부산,329,11.5,부산
SA67A2CE4,5.18,곡성IC,33.73,순천,28,35.96,광주
SA6CCD1D8,3.49,울산 분기점,0.59,울산,110,0.59,울산
SA70D4501,17.81,길호IC,3.45,여수,27,88.71,광주
SA8490C3A,2.46,덕천,8.1,부산,329,8.1,부산
SA866A183,5.27,시화 나들목,12.81,시흥,52,14.68,인천
SA8FECD82,4.69,시화 나들목,12.79,시흥,52,15.24,인천
SA95A5A26,1.87,동부산 나들목,13.61,부산,329,13.61,부산
SA9E2F2E1,5.03,경산 나들목,12.09,경산,28,19.64,대구
SA9F1949A,3.06,주안산단,0.86,인천,301,0.86,인천
SAA237D55,2.66,천안,3.14,천안,66,38.52,세종
SAA5702D3,3.41,은현,16.27,의정부,46,35.11,서울
SAA8A5710,1.9,죽전휴게소,10.35,성남,92,29.62,서울
SAB8E754B,5.93,군산 나들목,20.01,익산,27,70.62,대전
SABBA2F50,2.19,동김천IC,14.62,구미,41,46.46,대구
SAC0A3BAA,2.9,장수,2.33,부천,77,7.54,인천
SAC5701A3,4.23,호원IC,1.39,의정부,46,21.08,서울
SAD555B9C,2.3,교대교차로,0.75,부산,329,0.75,부산
SADB9413D,1.1,군북 나들목,22.32,진주,34,69.92,대구
SAE805988,3.8,전주,6.67,전주,64,61.99,대전
SAEA34291,2.18,은현,16.91,의정부,46,36.56,서울
SAF1A8E46,1.36,서강대교 북단,4.0,서울,933,4.0,서울
SAF765FF4,2.39,동고성IC,23.24,거제,24,64.89,부산
SAFBF7EFE,2.0,동김해,2.16,김해,53,16.97,부산
SB01A9807,2.76,대연램프,8.43,부산,329,8.43,부산
SB080EDF8,2.36,청명IC,3.24,수원,119,34.94,서울
SB098D1FD,18.14,광령2교차로,9.12,제주,49,183.66,광주
SB114B5F0,1.84,인동IC,8.14,순천,28,69.6,광주
SB4717DE9,5.78,감전램프,11.66,부산,329,11.66,부산
SB496FDA8,0.2,북양양IC,46.06,강릉,21,157.55,서울
SB529D910,6.14,점촌함창IC,44.81,충주,21,77.37,대전
SB52E3E66,10.58,동광IC,37.62,제주,49,221.04,광주
SB648E4B0,2.45,88분기점,7.58,부천,77,14.89,서울
SB719F472,0.53,역동,1.41,용인,108,41.3,서울
SB7D11B4E,1.2,동순천 나들목,5.66,순천,28,67.89,광주
SB7DBD18D,2.89,서세종IC,7.94,세종,39,7.94,세종
SB7EEE8DB,3.4,태리교차로,2.72,김포,48,14.99,인천
SB8E21170,2.96,황령램프,0.62,부산,329,0.62,부산
SB9489886,1.34,신천IC,7.05,시흥,52,7.25,인천
SB9D703C3,3.47,유성IC,7.15,대전,144,7.15,대전
SB9E6D085,1.53,경산 나들목,7.02,경산,28,17.83,대구
SBB7E6E40,10.24,서산휴게소,48.54,아산,35,79.19,인천
SBCC0158C,3.47,아산현충사 나들목,1.11,아산,35,41.86,세종
SBCFA4308,3.45,척과구룡IC,5.18,울산,110,5.18,울산
SBEE5E896,0.97,서청주,6.27,청주,85,21.5,세종
SBFB10452,6.19,소사교차로,16.45,김해,53,24.9,부산
SC03C15E3,3.07,시흥,2.85,부천,77,7.96,인천
SC1119DCA,0.66,강일분기점,7.94,남양주,73,17.43,서울
SC14F4ADD,2.39,가양대교분기점,8.55,부천,77,11.81,서울
SC18B43FD,2.7,내포,10.93,파주,50,36.03,서울
SC3B036E6,2.65,북용인분기점,8.86,용인,108,37.72,서울
SC4F06853,3.25,주안산단,1.01,인천,301,1.01,인천
SC52C2452,8.67,원동교차로,21.17,제주,49,196.17,광주
SC5418EE9,0.92,금천 나들목,8.82,안양,55,13.98,서울
SC5780EED,1.01,신천교지하차도,1.95,대구,236,1.95,대구
SC57B0F1E,1.95,곤지암분기점,15.39,용인,108,42.35,서울
SC58C81F5,1.52,향산교차로,0.65,김포,48,17.79,인천
SC5980FAA,1.42,군자교,9.65,서울,933,9.65,서울
SC5F2F681,25.29,도롱교차로,8.94,여수,27,88.85,광주
SC62A910F,0.08,경기광주분기점,17.2,성남,92,36.01,서울
SC63E9090,0.33,천안분기점,8.35,천안,66,32.9,세종
SC6FEB869,2.05,안성휴게소 (서울방향),11.08,평택,59,55.14,서울
SC75AB55E,2.08,동김해,2.22,김해,53,17.03,부산
SC775B5C7,3.48,청통와촌IC,14.92,경산,28,22.01,대구
SC79A8107,1.5,해미IC,40.5,아산,35,69.38,세종
SC7F1C5D0,4.55,순천IC,0.46,순천,28,61.96,광주
SC87E9D61,2.31,지산교차로,5.73,광주,141,5.73,광주
SC88267B9,1.72,서광산IC,10.78,광주,141,10.78,광주
SC891BD4C,1.06,남원주 나들목,1.27,원주,36,87.03,서울
SC8D2A23E,0.65,구정 휴게소 (삼척 방향),3.19,강릉,21,165.97,서울
SC92A9702,4.56,산정교차로,2.61,목포,21,58.94,광주
SC9614210,3.17,남대구,8.19,대구,236,8.19,대구
SCA41FD69,0.25,구서,7.53,부산,329,7.53,부산
SCA7BE326,20.48,해미IC,59.92,아산,35,87.39,인천
SCAA5390E,0.26,송내,2.78,부천,77,4.73,인천
SCB2D07BF,1.83,학운교차로,6.44,광주,141,6.44,광주
SCD2B7CF6,13.86,가평 휴게소 (상행),19.77,춘천,29,55.44,서울
SCDCA656F,0.85,금천 나들목,9.74,안양,55,13.18,서울
SCDF6292F,11.75,척과구룡IC,14.54,울산,110,14.54,울산
SCE54D952,10.2,광령2교차로,3.67,제주,49,189.6,광주
SCEDBBE34,3.71,중명,0.82,포항,49,52.99,울산
SCFFE3999,10.7,남양평나들목(하이패스),33.18,원주,36,54.73,서울
SD017B509,2.52,광령2교차로,7.61,제주,49,192.97,광주
SD0CB9ED3,3.08,독립기념관IC,11.48,천안,66,34.01,세종
SD1588DD4,2.78,고흥IC,21.36,순천,28,60.0,광주
SD1B1B3C3,0.77,신리교차로,8.14,용인,108,44.72,서울
SD1B52EEF,1.52,진례,8.61,창원,100,30.7,부산
SD1D19350,1.96,남이천IC,22.39,용인,108,56.9,서울
SD21E691B,0.83,상계교,9.55,의정부,46,12.15,서울
SD2F66929,0.62,교대교차로,3.2,부산,329,3.2,부산
SD39F17D3,3.01,지산교차로,5.23,광주,141,5.23,광주
SD4F5BD59,2.81,마장,2.39,서울,933,2.39,서울
SD5178065,5.3,춘천,0.45,춘천,29,74.41,서울
SD570D3E2,23.53,동광1교차로,28.69,제주,49,214.18,광주
SD66FD976,9.49,홍성IC,35.9,아산,35,57.98,세종
SD6DE873C,0.66,기흥(동탄),8.08,용인,108,40.75,서울
SD7468D0D,5.52,군산 나들목,19.98,익산,27,72.07,대전
SD775B01F,3.49,연화교차로,2.46,포항,49,55.24,울산
SD831E3E0,0.22,남원주 나들목,2.44,원주,36,88.41,서울
SD8A6C200,4.76,용곡2교차로,0.82,천안,66,41.23,세종
SD8F02AD1,21.56,길호IC,6.35,여수,27,92.44,광주
SD922B345,1.17,상갈,5.51,용인,108,36.35,서울
SD9380CA9,1.66,서울산IC,15.59,울산,110,15.59,울산
SD94B49E3,1.6,유성IC,3.48,대전,144,3.48,대전
SDA6BBB77,2.16,벽진,5.95,광주,141,5.95,광주
SDB1C605D,3.73,북양양IC,54.51,강릉,21,158.01,서울
SDB273A50,2.11,태전분기점,10.03,성남,92,28.71,서울
SDBA06B0D,4.2,안영IC,3.29,대전,144,3.29,대전
SDBE9380A,0.88,남장유,7.68,김해,53,23.15,부산
SDCEF618E,4.45,전주,6.46,전주,64,62.83,대전
SDD8F5BEF,3.22,관악IC,10.57,서울,933,10.57,서울
SDE7092BB,43.83,강진 무위사,65.8,목포,21,95.5,광주
SDE8BA0C4,0.89,월릉교,9.67,서울,933,9.67,서울
SDF0845A4,21.52,길호IC,6.49,여수,27,92.57,광주
SDF64D494,1.15,울주분기점,3.54,울산,110,3.54,울산
SDF71A880,2.61,남원주 나들목,3.96,원주,36,90.72,서울
SDFCC9355,15.31,길호IC,4.11,여수,27,86.8,광주
SE024C899,1.75,한류월드IC,6.07,김포,48,22.34,서울
SE02AA3D4,6.67,금마교차로,4.07,익산,27,54.92,대전
SE0B0AD03,5.81,광주IC,19.27,성남,92,34.39,서울
SE1382974,2.34,태리교차로,2.26,김포,48,15.58,인천
SE170BF44,1.54,남원역교차로,50.1,전주,64,55.21,광주
SE215B905,0.92,양산분기점,0.8,양산,35,18.07,부산
SE23CEA63,3.03,소요산,19.1,의정부,46,38.74,서울
SE277C0C6,3.77,호원IC,1.15,의정부,46,20.77,서울
SE308E5B3,4.0,동수IC,21.88,광주,141,21.88,광주
SE332D9BE,1.0,경대교지하차도,1.03,대구,236,1.03,대구
SE3E889C8,17.16,도롱교차로,2.33,여수,27,83.96,광주
SE3EBBDCA,0.65,염창IC,9.27,서울,933,9.27,서울
SE4AEE2B5,0.52,월곶분기점,5.66,시흥,52,7.93,인천
SE57DD5D0,1.82,성수대교 분기점,7.7,서울,933,7.7,서울
SE5D96402,1.6,구미IC,0.63,구미,41,35.73,대구
SE5ED159C,0.31,황령램프,3.21,부산,329,3.21,부산
SE610DC45,0.89,인동IC,9.63,순천,28,70.34,광주
SE62B2376,5.61,소사교차로,16.63,김해,53,25.59,부산
SE6450578,2.12,대촌,6.01,광주,141,6.01,광주
SE670D357,3.79,판암 나들목,5.27,대전,144,5.27,대전
SE6AE36AF,0.62,교대교차로,3.2,부산,329,3.2,부산
SE6D23FFD,6.25,망향 휴게소 (부상 방향),6.2,천안,66,46.14,세종
SE6EC4C64,9.57,청주 나들목,11.73,세종,39,11.73,세종
SE6FD40DA,0.33,신갈분기점,7.4,수원,119,33.09,서울
SE757D614,4.19,망미램프,7.61,부산,329,7.61,부산
SE901911F,0.92,마장,5.55,서울,933,5.55,서울
SE9C5BA09,4.35,검성,11.56,구미,41,32.85,대구
SEA34D383,3.68,마장분기점,24.12,용인,108,52.41,서울
SEC3A9CCF,0.99,마석IC,8.39,남양주,73,30.6,서울
SEC57693A,0.39,신둔IC,18.48,용인,108,46.28,서울
SEC69E488,4.96,북양양IC,56.03,강릉,21,157.91,서울
SED276E9B,5.64,광령2교차로,3.74,제주,49,188.53,광주
SEDD83D1F,3.06,금천교교차로,10.47,안양,55,10.96,서울
SEE20F03C,2.06,동김해,2.17,김해,53,17.05,부산
SEE77D95C,25.2,통영나들목,9.55,거제,24,48.36,부산
SEE92D807,1.25,남안산 분기점,6.19,안산,63,17.07,인천
SEF0B950C,6.16,동광IC,29.52,제주,49,215.06,광주
SF008D817,18.31,도롱교차로,0.42,여수,27,85.9,광주
SF009F710,5.75,문현램프,9.65,부산,329,9.65,부산
SF029F87B,1.12,동림,2.99,광주,141,2.99,광주
SF04FC5BE,3.68,연화교차로,7.39,포항,49,60.89,울산
SF0589982,0.5,수원신갈,6.82,수원,119,34.7,서울
SF0F5CED5,6.56,남이천IC,22.26,용인,108,60.12,서울
SF11EDC0B,1.34,북용인분기점,6.48,용인,108,39.02,서울
SF19B4472,22.15,홍성IC,63.56,아산,35,88.57,세종
SF1CD90CB,25.78,통영나들목,9.84,거제,24,46.75,부산
SF1F221DE,0.77,상계교,9.52,의정부,46,11.56,서울
SF20AF724,3.59,안영IC,3.99,대전,144,3.99,대전
SF237134D,3.38,울주분기점,0.66,울산,110,0.66,울산
SF2F1AC91,1.89,남동,0.76,인천,301,0.76,인천
SF332D641,5.61,소사교차로,16.63,김해,53,25.59,부산
SF50B1187,1.42,남청주IC,14.01,청주,85,14.2,세종
SF54C40A0,38.84,광령2교차로,34.37,제주,49,205.72,광주
SF5FBD837,1.5,울주분기점,3.58,울산,110,3.58,울산
SF6150AD1,0.73,광양IC,11.51,순천,28,71.63,광주
SF694D071,2.36,서세종IC,6.12,세종,39,6.12,세종
SF6C51356,2.64,남북10교차로,24.02,익산,27,75.68,대전
SF701E98D,3.34,안산분기점,1.1,안산,63,19.63,인천
SF7198301,1.22,교대교차로,4.01,부산,329,4.01,부산
SF736823F,0.59,진천IC,24.91,청주,85,45.85,세종
SF81FAE04,0.8,서수지,8.45,수원,119,26.39,서울
SF8C1C94A,1.97,천안,3.25,천안,66,40.8,세종
SF8DCBC63,1.47,연화교차로,3.87,포항,49,57.36,울산
SF90C7CEA,5.56,문현램프,9.55,부산,329,9.55,부산
SF9BB3C1D,1.24,소흘분기점,13.45,의정부,46,32.37,서울
SFAA1A999,0.49,서세종IC,7.71,세종,39,7.71,세종
SFACFF345,0.69,황령램프,2.84,부산,329,2.84,부산
SFAE0C1E0,20.81,광령2교차로,12.41,제주,49,185.87,광주
SFB911C45,10.15,광령2교차로,3.56,제주,49,189.52,광주
SFCCC66BD,2.31,광명교,10.38,부천,77,10.64,서울
SFCD2E8C0,1.11,봉양교차로,12.5,의정부,46,32.17,서울
SFD676D24,1.12,동신교지하차도,2.11,대구,236,2.11,대구
SFD923F75,2.32,산월,6.87,광주,141,6.87,광주
SFE5557D6,4.53,망미램프,7.94,부산,329,7.94,부산
